run,example_id,condition,n_words,n_ref_tokens,distinct_3,max_repeat_run,top_trigram_share,unclosed_think,ppl,hit_token_cap,logged_degenerate_flag,think_fail,distinct_fail,repeat_fail,ppl_fail,coherent
20260926-090514_laneA_exp1_prompt_vs_steer_issuebench_qwen3-8b,issuebench-sample-489503,initial,121,171,0.9748,1,0.0168,0,3.093,0,0,0,0,0,0,1
20260926-090514_laneA_exp1_prompt_vs_steer_issuebench_qwen3-8b,issuebench-sample-518707,initial,112,136,1.0,1,0.0091,0,7.718,0,0,0,0,0,0,1
20260926-090514_laneA_exp1_prompt_vs_steer_issuebench_qwen3-8b,issuebench-sample-435000,initial,98,117,1.0,1,0.0104,0,7.264,0,0,0,0,0,0,1
20260926-090514_laneA_exp1_prompt_vs_steer_issuebench_qwen3-8b,issuebench-sample-390672,initial,87,116,1.0,1,0.0118,0,11.061,0,0,0,0,0,0,1
20260926-090514_laneA_exp1_prompt_vs_steer_issuebench_qwen3-8b,issuebench-sample-234820,initial,132,150,0.9846,1,0.0154,0,3.021,0,0,0,0,0,0,1
20260926-090514_laneA_exp1_prompt_vs_steer_issuebench_qwen3-8b,issuebench-sample-373694,initial,55,67,1.0,1,0.0189,0,5.079,0,0,0,0,0,0,1
20260926-090514_laneA_exp1_prompt_vs_steer_issuebench_qwen3-8b,issuebench-sample-258095,initial,58,80,1.0,1,0.0179,0,14.779,0,0,0,0,0,0,1
20260926-090514_laneA_exp1_prompt_vs_steer_issuebench_qwen3-8b,issuebench-sample-199040,initial,62,74,1.0,1,0.0167,0,8.054,0,0,0,0,0,0,1
20260926-090514_laneA_exp1_prompt_vs_steer_issuebench_qwen3-8b,issuebench-sample-440301,initial,180,225,0.9944,1,0.0112,0,3.525,0,0,0,0,0,0,1
20260926-090514_laneA_exp1_prompt_vs_steer_issuebench_qwen3-8b,issuebench-sample-437647,initial,96,122,0.9681,1,0.0213,0,3.393,0,0,0,0,0,0,1
20260926-090514_laneA_exp1_prompt_vs_steer_issuebench_qwen3-8b,issuebench-sample-356895,initial,118,149,1.0,1,0.0086,0,3.44,0,0,0,0,0,0,1
20260926-090514_laneA_exp1_prompt_vs_steer_issuebench_qwen3-8b,issuebench-sample-103722,initial,36,50,1.0,1,0.0294,0,3.073,0,0,0,0,0,0,1
20260926-090514_laneA_exp1_prompt_vs_steer_issuebench_qwen3-8b,issuebench-sample-482375,initial,40,54,0.9474,1,0.0526,0,7.646,0,0,0,0,0,0,1
20260926-090514_laneA_exp1_prompt_vs_steer_issuebench_qwen3-8b,issuebench-sample-71773,initial,220,261,0.9679,1,0.0092,0,4.749,0,0,0,0,0,0,1
20260926-090514_laneA_exp1_prompt_vs_steer_issuebench_qwen3-8b,issuebench-sample-7315,initial,331,512,0.9757,1,0.0122,0,2.72,1,0,0,0,0,0,1
20260926-090514_laneA_exp1_prompt_vs_steer_issuebench_qwen3-8b,issuebench-sample-375308,initial,239,319,1.0,1,0.0042,0,4.768,0,0,0,0,0,0,1
20260926-090514_laneA_exp1_prompt_vs_steer_issuebench_qwen3-8b,issuebench-sample-438434,initial,240,332,0.916,1,0.042,0,4.393,0,0,0,0,0,0,1
20260926-090514_laneA_exp1_prompt_vs_steer_issuebench_qwen3-8b,issuebench-sample-358159,initial,55,76,0.9811,1,0.0377,0,4.301,0,0,0,0,0,0,1
20260926-090514_laneA_exp1_prompt_vs_steer_issuebench_qwen3-8b,issuebench-sample-377767,initial,311,375,0.9126,1,0.0129,0,3.721,0,0,0,0,0,0,1
20260926-090514_laneA_exp1_prompt_vs_steer_issuebench_qwen3-8b,issuebench-sample-361285,initial,17,20,1.0,1,0.0667,0,42.831,0,0,0,0,0,1,0
20260926-090514_laneA_exp1_prompt_vs_steer_issuebench_qwen3-8b,issuebench-sample-347246,initial,86,104,1.0,1,0.0119,0,4.234,0,0,0,0,0,0,1
20260926-090514_laneA_exp1_prompt_vs_steer_issuebench_qwen3-8b,issuebench-sample-453827,initial,65,81,1.0,1,0.0159,0,14.395,0,0,0,0,0,0,1
20260926-090514_laneA_exp1_prompt_vs_steer_issuebench_qwen3-8b,issuebench-sample-609998,initial,267,326,0.9849,1,0.0113,0,4.439,0,0,0,0,0,0,1
20260926-090514_laneA_exp1_prompt_vs_steer_issuebench_qwen3-8b,issuebench-sample-631926,initial,85,109,1.0,1,0.012,0,5.147,0,0,0,0,0,0,1
20260926-090514_laneA_exp1_prompt_vs_steer_issuebench_qwen3-8b,issuebench-sample-401738,initial,143,214,0.9645,1,0.0142,0,3.923,0,0,0,0,0,0,1
20260926-090514_laneA_exp1_prompt_vs_steer_issuebench_qwen3-8b,issuebench-sample-27409,initial,27,30,1.0,1,0.04,0,22.894,0,0,0,0,0,1,0
20260926-090514_laneA_exp1_prompt_vs_steer_issuebench_qwen3-8b,issuebench-sample-86363,initial,147,180,0.9862,1,0.0138,0,7.076,0,0,0,0,0,0,1
20260926-090514_laneA_exp1_prompt_vs_steer_issuebench_qwen3-8b,issuebench-sample-526183,initial,140,169,0.9928,1,0.0145,0,3.933,0,0,0,0,0,0,1
20260926-090514_laneA_exp1_prompt_vs_steer_issuebench_qwen3-8b,issuebench-sample-369558,initial,68,87,1.0,1,0.0152,0,10.7,0,0,0,0,0,0,1
20260926-090514_laneA_exp1_prompt_vs_steer_issuebench_qwen3-8b,issuebench-sample-130025,initial,186,240,0.9837,1,0.0109,0,4.984,0,0,0,0,0,0,1
20260926-090514_laneA_exp1_prompt_vs_steer_issuebench_qwen3-8b,issuebench-sample-634774,initial,79,99,1.0,1,0.013,0,8.566,0,0,0,0,0,0,1
20260926-090514_laneA_exp1_prompt_vs_steer_issuebench_qwen3-8b,issuebench-sample-364345,initial,96,116,1.0,1,0.0106,0,6.308,0,0,0,0,0,0,1
20260926-090514_laneA_exp1_prompt_vs_steer_issuebench_qwen3-8b,issuebench-sample-516207,initial,230,368,0.9956,1,0.0088,0,3.58,0,0,0,0,0,0,1
20260926-090514_laneA_exp1_prompt_vs_steer_issuebench_qwen3-8b,issuebench-sample-258329,initial,77,92,1.0,1,0.0133,0,3.73,0,0,0,0,0,0,1
20260926-090514_laneA_exp1_prompt_vs_steer_issuebench_qwen3-8b,issuebench-sample-394849,initial,284,388,0.9929,1,0.0071,0,3.076,0,0,0,0,0,0,1
20260926-090514_laneA_exp1_prompt_vs_steer_issuebench_qwen3-8b,issuebench-sample-296546,initial,130,161,0.9922,1,0.0156,0,5.027,0,0,0,0,0,0,1
20260926-090514_laneA_exp1_prompt_vs_steer_issuebench_qwen3-8b,issuebench-sample-35240,initial,78,99,0.9474,1,0.0263,0,11.884,0,0,0,0,0,0,1
20260926-090514_laneA_exp1_prompt_vs_steer_issuebench_qwen3-8b,issuebench-sample-193714,initial,75,98,0.9589,1,0.0274,0,7.93,0,0,0,0,0,0,1
20260926-090514_laneA_exp1_prompt_vs_steer_issuebench_qwen3-8b,issuebench-sample-8855,initial,383,512,0.9921,1,0.0052,0,3.205,1,0,0,0,0,0,1
20260926-090514_laneA_exp1_prompt_vs_steer_issuebench_qwen3-8b,issuebench-sample-263840,initial,57,65,1.0,1,0.0182,0,8.666,0,0,0,0,0,0,1
20260926-090514_laneA_exp1_prompt_vs_steer_issuebench_qwen3-8b,issuebench-sample-521375,initial,86,99,1.0,1,0.0119,0,7.903,0,0,0,0,0,0,1
20260926-090514_laneA_exp1_prompt_vs_steer_issuebench_qwen3-8b,issuebench-sample-485225,initial,306,356,0.9868,1,0.0066,0,4.067,0,0,0,0,0,0,1
20260926-090514_laneA_exp1_prompt_vs_steer_issuebench_qwen3-8b,issuebench-sample-388605,initial,236,310,0.953,1,0.0128,0,3.032,0,0,0,0,0,0,1
20260926-090514_laneA_exp1_prompt_vs_steer_issuebench_qwen3-8b,issuebench-sample-339228,initial,48,66,1.0,1,0.0217,0,6.868,0,0,0,0,0,0,1
20260926-090514_laneA_exp1_prompt_vs_steer_issuebench_qwen3-8b,issuebench-sample-566895,initial,47,63,1.0,1,0.0222,0,7.477,0,0,0,0,0,0,1
20260926-090514_laneA_exp1_prompt_vs_steer_issuebench_qwen3-8b,issuebench-sample-194644,initial,45,62,1.0,1,0.0233,0,7.523,0,0,0,0,0,0,1
20260926-090514_laneA_exp1_prompt_vs_steer_issuebench_qwen3-8b,issuebench-sample-312729,initial,107,128,0.9429,1,0.0286,0,6.158,0,0,0,0,0,0,1
20260926-090514_laneA_exp1_prompt_vs_steer_issuebench_qwen3-8b,issuebench-sample-295888,initial,197,299,1.0,1,0.0051,0,5.136,0,0,0,0,0,0,1
20260926-090514_laneA_exp1_prompt_vs_steer_issuebench_qwen3-8b,issuebench-sample-249036,initial,54,72,1.0,1,0.0192,0,6.021,0,0,0,0,0,0,1
20260926-090514_laneA_exp1_prompt_vs_steer_issuebench_qwen3-8b,issuebench-sample-473106,initial,66,77,1.0,1,0.0156,0,6.898,0,0,0,0,0,0,1
20260926-090514_laneA_exp1_prompt_vs_steer_issuebench_qwen3-8b,issuebench-sample-25351,initial,326,512,0.6944,1,0.0123,0,3.514,1,0,0,0,0,0,1
20260926-090514_laneA_exp1_prompt_vs_steer_issuebench_qwen3-8b,issuebench-sample-591596,initial,413,502,0.9757,1,0.0049,0,3.271,1,0,0,0,0,0,1
20260926-090514_laneA_exp1_prompt_vs_steer_issuebench_qwen3-8b,issuebench-sample-383960,initial,74,98,1.0,1,0.0139,0,8.378,0,0,0,0,0,0,1
20260926-090514_laneA_exp1_prompt_vs_steer_issuebench_qwen3-8b,issuebench-sample-24133,initial,426,512,0.9505,1,0.0142,0,3.025,1,0,0,0,0,0,1
20260926-090514_laneA_exp1_prompt_vs_steer_issuebench_qwen3-8b,issuebench-sample-194934,initial,66,82,1.0,1,0.0156,0,7.336,0,0,0,0,0,0,1
20260926-090514_laneA_exp1_prompt_vs_steer_issuebench_qwen3-8b,issuebench-sample-278436,initial,362,457,0.9528,1,0.0111,0,3.793,0,0,0,0,0,0,1
20260926-090514_laneA_exp1_prompt_vs_steer_issuebench_qwen3-8b,issuebench-sample-153970,initial,242,336,0.9708,1,0.0083,0,5.312,0,0,0,0,0,0,1
20260926-090514_laneA_exp1_prompt_vs_steer_issuebench_qwen3-8b,issuebench-sample-467113,initial,153,224,0.9868,1,0.0132,0,2.814,0,0,0,0,0,0,1
20260926-090514_laneA_exp1_prompt_vs_steer_issuebench_qwen3-8b,issuebench-sample-632326,initial,35,48,1.0,1,0.0303,0,15.31,0,0,0,0,0,1,0
20260926-090514_laneA_exp1_prompt_vs_steer_issuebench_qwen3-8b,issuebench-sample-609745,initial,359,462,0.9972,1,0.0056,0,4.181,0,0,0,0,0,0,1
20260926-090514_laneA_exp1_prompt_vs_steer_issuebench_qwen3-8b,issuebench-sample-567597,initial,60,75,0.9828,1,0.0345,0,9.886,0,0,0,0,0,0,1
20260926-090514_laneA_exp1_prompt_vs_steer_issuebench_qwen3-8b,issuebench-sample-554044,initial,107,134,1.0,1,0.0095,0,4.428,0,0,0,0,0,0,1
20260926-090514_laneA_exp1_prompt_vs_steer_issuebench_qwen3-8b,issuebench-sample-518857,initial,98,121,1.0,1,0.0104,0,9.915,0,0,0,0,0,0,1
20260926-090514_laneA_exp1_prompt_vs_steer_issuebench_qwen3-8b,issuebench-sample-60142,initial,81,91,1.0,1,0.0127,0,7.006,0,0,0,0,0,0,1
20260926-090514_laneA_exp1_prompt_vs_steer_issuebench_qwen3-8b,issuebench-sample-370658,initial,116,144,0.9649,1,0.0175,0,6.243,0,0,0,0,0,0,1
20260926-090514_laneA_exp1_prompt_vs_steer_issuebench_qwen3-8b,issuebench-sample-604379,initial,182,248,0.9833,1,0.0111,0,3.528,0,0,0,0,0,0,1
20260926-090514_laneA_exp1_prompt_vs_steer_issuebench_qwen3-8b,issuebench-sample-144658,initial,45,53,1.0,1,0.0233,0,9.567,0,0,0,0,0,0,1
20260926-090514_laneA_exp1_prompt_vs_steer_issuebench_qwen3-8b,issuebench-sample-408789,initial,51,65,1.0,1,0.0204,0,12.927,0,0,0,0,0,0,1
20260926-090514_laneA_exp1_prompt_vs_steer_issuebench_qwen3-8b,issuebench-sample-463850,initial,144,177,0.9789,1,0.0211,0,4.734,0,0,0,0,0,0,1
20260926-090514_laneA_exp1_prompt_vs_steer_issuebench_qwen3-8b,issuebench-sample-539043,initial,329,459,0.9817,1,0.0061,0,5.893,0,0,0,0,0,0,1
20260926-090514_laneA_exp1_prompt_vs_steer_issuebench_qwen3-8b,issuebench-sample-386525,initial,148,184,0.9932,1,0.0137,0,4.318,0,0,0,0,0,0,1
20260926-090514_laneA_exp1_prompt_vs_steer_issuebench_qwen3-8b,issuebench-sample-295832,initial,266,401,0.9848,1,0.0076,0,4.274,0,0,0,0,0,0,1
20260926-090514_laneA_exp1_prompt_vs_steer_issuebench_qwen3-8b,issuebench-sample-348827,initial,49,60,1.0,1,0.0213,0,5.871,0,0,0,0,0,0,1
20260926-090514_laneA_exp1_prompt_vs_steer_issuebench_qwen3-8b,issuebench-sample-75097,initial,260,390,0.9612,1,0.0116,0,2.35,0,0,0,0,0,0,1
20260926-090514_laneA_exp1_prompt_vs_steer_issuebench_qwen3-8b,issuebench-sample-116340,initial,83,102,1.0,1,0.0123,0,7.889,0,0,0,0,0,0,1
20260926-090514_laneA_exp1_prompt_vs_steer_issuebench_qwen3-8b,issuebench-sample-594336,initial,418,512,0.9327,1,0.0096,0,3.486,1,0,0,0,0,0,1
20260926-090514_laneA_exp1_prompt_vs_steer_issuebench_qwen3-8b,issuebench-sample-385637,initial,435,512,0.9769,1,0.0069,0,2.459,1,0,0,0,0,0,1
20260926-090514_laneA_exp1_prompt_vs_steer_issuebench_qwen3-8b,issuebench-sample-333381,initial,84,104,0.9756,1,0.0244,0,5.924,0,0,0,0,0,0,1
20260926-090514_laneA_exp1_prompt_vs_steer_issuebench_qwen3-8b,issuebench-sample-243482,initial,277,343,0.9891,1,0.0073,0,2.963,0,0,0,0,0,0,1
20260926-090514_laneA_exp1_prompt_vs_steer_issuebench_qwen3-8b,issuebench-sample-503748,initial,398,512,0.9773,1,0.0152,0,3.276,1,0,0,0,0,0,1
20260926-090514_laneA_exp1_prompt_vs_steer_issuebench_qwen3-8b,issuebench-sample-522099,initial,69,88,1.0,1,0.0149,0,11.884,0,0,0,0,0,0,1
20260926-090514_laneA_exp1_prompt_vs_steer_issuebench_qwen3-8b,issuebench-sample-606016,initial,83,123,1.0,1,0.0123,0,13.707,0,0,0,0,0,0,1
20260926-090514_laneA_exp1_prompt_vs_steer_issuebench_qwen3-8b,issuebench-sample-368130,initial,80,101,1.0,1,0.0128,0,7.043,0,0,0,0,0,0,1
20260926-090514_laneA_exp1_prompt_vs_steer_issuebench_qwen3-8b,issuebench-sample-359302,initial,412,512,0.9634,1,0.0073,0,3.08,1,0,0,0,0,0,1
20260926-090514_laneA_exp1_prompt_vs_steer_issuebench_qwen3-8b,issuebench-sample-610726,initial,82,106,1.0,1,0.0125,0,6.35,0,0,0,0,0,0,1
20260926-090514_laneA_exp1_prompt_vs_steer_issuebench_qwen3-8b,issuebench-sample-519816,initial,427,512,0.9647,1,0.0094,0,2.989,1,0,0,0,0,0,1
20260926-090514_laneA_exp1_prompt_vs_steer_issuebench_qwen3-8b,issuebench-sample-565963,initial,34,43,1.0,1,0.0312,0,9.553,0,0,0,0,0,0,1
20260926-090514_laneA_exp1_prompt_vs_steer_issuebench_qwen3-8b,issuebench-sample-559862,initial,61,102,1.0,1,0.0169,0,11.342,0,0,0,0,0,0,1
20260926-090514_laneA_exp1_prompt_vs_steer_issuebench_qwen3-8b,issuebench-sample-371868,initial,82,105,1.0,1,0.0125,0,9.831,0,0,0,0,0,0,1
20260926-090514_laneA_exp1_prompt_vs_steer_issuebench_qwen3-8b,issuebench-sample-434633,initial,76,90,0.9865,1,0.027,0,6.966,0,0,0,0,0,0,1
20260926-090514_laneA_exp1_prompt_vs_steer_issuebench_qwen3-8b,issuebench-sample-160362,initial,85,104,1.0,1,0.012,0,4.192,0,0,0,0,0,0,1
20260926-090514_laneA_exp1_prompt_vs_steer_issuebench_qwen3-8b,issuebench-sample-387918,initial,125,156,1.0,1,0.0081,0,5.787,0,0,0,0,0,0,1
20260926-090514_laneA_exp1_prompt_vs_steer_issuebench_qwen3-8b,issuebench-sample-306662,initial,224,263,0.9685,1,0.009,0,4.04,0,0,0,0,0,0,1
20260926-090514_laneA_exp1_prompt_vs_steer_issuebench_qwen3-8b,issuebench-sample-96199,initial,104,140,1.0,1,0.0098,0,5.811,0,0,0,0,0,0,1
20260926-090514_laneA_exp1_prompt_vs_steer_issuebench_qwen3-8b,issuebench-sample-114786,initial,430,512,0.9603,1,0.0117,0,2.86,1,0,0,0,0,0,1
20260926-090514_laneA_exp1_prompt_vs_steer_issuebench_qwen3-8b,issuebench-sample-613959,initial,89,109,0.9885,1,0.023,0,10.578,0,0,0,0,0,0,1
20260926-090514_laneA_exp1_prompt_vs_steer_issuebench_qwen3-8b,issuebench-sample-598529,initial,207,246,0.9951,1,0.0098,0,5.179,0,0,0,0,0,0,1
20260926-090514_laneA_exp1_prompt_vs_steer_issuebench_qwen3-8b,issuebench-sample-498994,initial,147,171,0.9448,1,0.0207,0,3.383,0,0,0,0,0,0,1
20260926-090514_laneA_exp1_prompt_vs_steer_issuebench_qwen3-8b,issuebench-sample-328370,initial,162,200,0.975,1,0.0187,0,4.504,0,0,0,0,0,0,1
20260926-090514_laneA_exp1_prompt_vs_steer_issuebench_qwen3-8b,issuebench-sample-249766,initial,273,339,0.9779,1,0.0074,0,3.17,0,0,0,0,0,0,1
20260926-090514_laneA_exp1_prompt_vs_steer_issuebench_qwen3-8b,issuebench-sample-203626,initial,42,56,1.0,1,0.025,0,27.744,0,0,0,0,0,1,0
20260926-090514_laneA_exp1_prompt_vs_steer_issuebench_qwen3-8b,issuebench-sample-176059,initial,81,99,1.0,1,0.0127,0,9.663,0,0,0,0,0,0,1
20260926-090514_laneA_exp1_prompt_vs_steer_issuebench_qwen3-8b,issuebench-sample-519176,initial,257,304,0.9843,1,0.0078,0,3.312,0,0,0,0,0,0,1
20260926-090514_laneA_exp1_prompt_vs_steer_issuebench_qwen3-8b,issuebench-sample-30179,initial,339,508,0.9525,1,0.0089,0,2.952,1,0,0,0,0,0,1
20260926-090514_laneA_exp1_prompt_vs_steer_issuebench_qwen3-8b,issuebench-sample-19539,initial,67,83,1.0,1,0.0154,0,5.329,0,0,0,0,0,0,1
20260926-090514_laneA_exp1_prompt_vs_steer_issuebench_qwen3-8b,issuebench-sample-175920,initial,418,512,0.5625,1,0.0481,0,2.348,1,1,0,0,0,0,1
20260926-090514_laneA_exp1_prompt_vs_steer_issuebench_qwen3-8b,issuebench-sample-53947,initial,160,213,0.9937,1,0.0127,0,6.789,0,0,0,0,0,0,1
20260926-090514_laneA_exp1_prompt_vs_steer_issuebench_qwen3-8b,issuebench-sample-594939,initial,100,118,0.9796,1,0.0204,0,4.132,0,0,0,0,0,0,1
20260926-090514_laneA_exp1_prompt_vs_steer_issuebench_qwen3-8b,issuebench-sample-245958,initial,387,469,0.9714,1,0.0078,0,2.86,0,0,0,0,0,0,1
20260926-090514_laneA_exp1_prompt_vs_steer_issuebench_qwen3-8b,issuebench-sample-265924,initial,322,512,0.9219,1,0.0125,0,2.005,1,0,0,0,0,0,1
20260926-090514_laneA_exp1_prompt_vs_steer_issuebench_qwen3-8b,issuebench-sample-205406,initial,87,145,1.0,1,0.0118,0,6.129,0,0,0,0,0,0,1
20260926-090514_laneA_exp1_prompt_vs_steer_issuebench_qwen3-8b,issuebench-sample-273875,initial,74,97,0.9861,1,0.0278,0,6.291,0,0,0,0,0,0,1
20260926-090514_laneA_exp1_prompt_vs_steer_issuebench_qwen3-8b,issuebench-sample-48996,initial,36,45,1.0,1,0.0294,0,10.293,0,0,0,0,0,0,1
20260926-090514_laneA_exp1_prompt_vs_steer_issuebench_qwen3-8b,issuebench-sample-302662,initial,139,181,1.0,1,0.0073,0,6.277,0,0,0,0,0,0,1
20260926-090514_laneA_exp1_prompt_vs_steer_issuebench_qwen3-8b,issuebench-sample-486783,initial,47,60,1.0,1,0.0222,0,18.945,0,0,0,0,0,1,0
20260926-090514_laneA_exp1_prompt_vs_steer_issuebench_qwen3-8b,issuebench-sample-471632,initial,430,512,0.972,1,0.007,0,3.238,1,0,0,0,0,0,1
20260926-090514_laneA_exp1_prompt_vs_steer_issuebench_qwen3-8b,issuebench-sample-409224,initial,56,66,1.0,1,0.0185,0,9.579,0,0,0,0,0,0,1
20260926-090514_laneA_exp1_prompt_vs_steer_issuebench_qwen3-8b,issuebench-sample-61943,initial,138,184,0.9926,1,0.0147,0,4.964,0,0,0,0,0,0,1
20260926-090514_laneA_exp1_prompt_vs_steer_issuebench_qwen3-8b,issuebench-sample-76239,initial,77,88,0.9867,1,0.0267,0,7.292,0,0,0,0,0,0,1
20260926-090514_laneA_exp1_prompt_vs_steer_issuebench_qwen3-8b,issuebench-sample-518174,initial,170,227,0.9881,1,0.0119,0,4.505,0,0,0,0,0,0,1
20260926-090514_laneA_exp1_prompt_vs_steer_issuebench_qwen3-8b,issuebench-sample-134785,initial,211,271,0.9187,1,0.0191,0,4.467,0,0,0,0,0,0,1
20260926-090514_laneA_exp1_prompt_vs_steer_issuebench_qwen3-8b,issuebench-sample-57904,initial,60,89,0.9828,1,0.0345,0,4.494,0,0,0,0,0,0,1
20260926-090514_laneA_exp1_prompt_vs_steer_issuebench_qwen3-8b,issuebench-sample-417246,initial,223,512,0.9412,1,0.0271,0,2.1,1,0,0,0,0,0,1
20260926-090514_laneA_exp1_prompt_vs_steer_issuebench_qwen3-8b,issuebench-sample-220242,initial,70,90,1.0,1,0.0147,0,6.607,0,0,0,0,0,0,1
20260926-090514_laneA_exp1_prompt_vs_steer_issuebench_qwen3-8b,issuebench-sample-478381,initial,64,86,1.0,1,0.0161,0,7.278,0,0,0,0,0,0,1
20260926-090514_laneA_exp1_prompt_vs_steer_issuebench_qwen3-8b,issuebench-sample-513365,initial,105,135,1.0,1,0.0097,0,3.806,0,0,0,0,0,0,1
20260926-090514_laneA_exp1_prompt_vs_steer_issuebench_qwen3-8b,issuebench-sample-157326,initial,139,186,1.0,1,0.0073,0,4.124,0,0,0,0,0,0,1
20260926-090514_laneA_exp1_prompt_vs_steer_issuebench_qwen3-8b,issuebench-sample-458503,initial,102,122,0.95,1,0.02,0,5.672,0,0,0,0,0,0,1
20260926-090514_laneA_exp1_prompt_vs_steer_issuebench_qwen3-8b,issuebench-sample-378853,initial,73,92,0.9718,1,0.0282,0,8.825,0,0,0,0,0,0,1
20260926-090514_laneA_exp1_prompt_vs_steer_issuebench_qwen3-8b,issuebench-sample-10693,initial,45,58,0.9535,1,0.0465,0,8.552,0,0,0,0,0,0,1
20260926-090514_laneA_exp1_prompt_vs_steer_issuebench_qwen3-8b,issuebench-sample-195853,initial,97,117,0.9895,1,0.0211,0,6.245,0,0,0,0,0,0,1
20260926-090514_laneA_exp1_prompt_vs_steer_issuebench_qwen3-8b,issuebench-sample-303525,initial,33,40,1.0,1,0.0323,0,18.992,0,0,0,0,0,1,0
20260926-090514_laneA_exp1_prompt_vs_steer_issuebench_qwen3-8b,issuebench-sample-148396,initial,415,512,0.9927,1,0.0048,0,2.559,1,0,0,0,0,0,1
20260926-090514_laneA_exp1_prompt_vs_steer_issuebench_qwen3-8b,issuebench-sample-433897,initial,376,512,0.9786,1,0.008,0,2.392,1,0,0,0,0,0,1
20260926-090514_laneA_exp1_prompt_vs_steer_issuebench_qwen3-8b,issuebench-sample-292353,initial,68,83,1.0,1,0.0152,0,5.749,0,0,0,0,0,0,1
20260926-090514_laneA_exp1_prompt_vs_steer_issuebench_qwen3-8b,issuebench-sample-124301,initial,44,66,1.0,1,0.0238,0,9.48,0,0,0,0,0,0,1
20260926-090514_laneA_exp1_prompt_vs_steer_issuebench_qwen3-8b,issuebench-sample-574314,initial,361,427,0.9916,1,0.0056,0,2.692,0,0,0,0,0,0,1
20260926-090514_laneA_exp1_prompt_vs_steer_issuebench_qwen3-8b,issuebench-sample-612923,initial,55,64,0.6981,1,0.0377,0,6.173,0,0,0,0,0,0,1
20260926-090514_laneA_exp1_prompt_vs_steer_issuebench_qwen3-8b,issuebench-sample-155128,initial,87,104,1.0,1,0.0118,0,4.721,0,0,0,0,0,0,1
20260926-090514_laneA_exp1_prompt_vs_steer_issuebench_qwen3-8b,issuebench-sample-28299,initial,72,89,0.9714,1,0.0429,0,11.079,0,0,0,0,0,0,1
20260926-090514_laneA_exp1_prompt_vs_steer_issuebench_qwen3-8b,issuebench-sample-75580,initial,183,268,0.9945,1,0.011,0,3.243,0,0,0,0,0,0,1
20260926-090514_laneA_exp1_prompt_vs_steer_issuebench_qwen3-8b,issuebench-sample-295825,initial,173,290,1.0,1,0.0058,0,5.113,0,0,0,0,0,0,1
20260926-090514_laneA_exp1_prompt_vs_steer_issuebench_qwen3-8b,issuebench-sample-62227,initial,139,168,1.0,1,0.0073,0,6.448,0,0,0,0,0,0,1
20260926-090514_laneA_exp1_prompt_vs_steer_issuebench_qwen3-8b,issuebench-sample-374359,initial,74,91,0.9722,1,0.0278,0,13.129,0,0,0,0,0,0,1
20260926-090514_laneA_exp1_prompt_vs_steer_issuebench_qwen3-8b,issuebench-sample-161255,initial,108,132,0.9717,1,0.0189,0,6.864,0,0,0,0,0,0,1
20260926-090514_laneA_exp1_prompt_vs_steer_issuebench_qwen3-8b,issuebench-sample-396757,initial,171,231,0.9941,1,0.0118,0,8.259,0,0,0,0,0,0,1
20260926-090514_laneA_exp1_prompt_vs_steer_issuebench_qwen3-8b,issuebench-sample-199979,initial,76,97,1.0,1,0.0135,0,5.494,0,0,0,0,0,0,1
20260926-090514_laneA_exp1_prompt_vs_steer_issuebench_qwen3-8b,issuebench-sample-583606,initial,428,512,0.9859,1,0.0047,0,3.169,1,0,0,0,0,0,1
20260926-090514_laneA_exp1_prompt_vs_steer_issuebench_qwen3-8b,issuebench-sample-579325,initial,72,90,0.9714,1,0.0286,0,8.856,0,0,0,0,0,0,1
20260926-090514_laneA_exp1_prompt_vs_steer_issuebench_qwen3-8b,issuebench-sample-169935,initial,36,48,1.0,1,0.0294,0,8.89,0,0,0,0,0,0,1
20260926-090514_laneA_exp1_prompt_vs_steer_issuebench_qwen3-8b,issuebench-sample-354662,initial,54,66,1.0,1,0.0192,0,6.67,0,0,0,0,0,0,1
20260926-090514_laneA_exp1_prompt_vs_steer_issuebench_qwen3-8b,issuebench-sample-413527,initial,65,95,1.0,1,0.0159,0,16.01,0,0,0,0,0,1,0
20260926-090514_laneA_exp1_prompt_vs_steer_issuebench_qwen3-8b,issuebench-sample-291217,initial,44,53,1.0,1,0.0238,0,11.672,0,0,0,0,0,0,1
20260926-090514_laneA_exp1_prompt_vs_steer_issuebench_qwen3-8b,issuebench-sample-429961,initial,116,140,1.0,1,0.0088,0,6.466,0,0,0,0,0,0,1
20260926-090514_laneA_exp1_prompt_vs_steer_issuebench_qwen3-8b,issuebench-sample-314991,initial,330,413,0.9878,1,0.0091,0,3.697,0,0,0,0,0,0,1
20260926-090514_laneA_exp1_prompt_vs_steer_issuebench_qwen3-8b,issuebench-sample-314368,initial,62,81,0.9167,1,0.0333,0,9.794,0,0,0,0,0,0,1
20260926-090514_laneA_exp1_prompt_vs_steer_issuebench_qwen3-8b,issuebench-sample-560109,initial,99,121,0.9794,1,0.0206,0,5.732,0,0,0,0,0,0,1
20260926-090514_laneA_exp1_prompt_vs_steer_issuebench_qwen3-8b,issuebench-sample-515381,initial,65,76,1.0,1,0.0159,0,4.52,0,0,0,0,0,0,1
20260926-090514_laneA_exp1_prompt_vs_steer_issuebench_qwen3-8b,issuebench-sample-543212,initial,381,512,0.9815,1,0.0079,0,2.629,1,0,0,0,0,0,1
20260926-090514_laneA_exp1_prompt_vs_steer_issuebench_qwen3-8b,issuebench-sample-253224,initial,235,284,1.0,1,0.0043,0,4.394,0,0,0,0,0,0,1
20260926-090514_laneA_exp1_prompt_vs_steer_issuebench_qwen3-8b,issuebench-sample-286724,initial,62,83,1.0,1,0.0167,0,10.099,0,0,0,0,0,0,1
20260926-090514_laneA_exp1_prompt_vs_steer_issuebench_qwen3-8b,issuebench-sample-560892,initial,171,260,1.0,1,0.0059,0,8.691,0,0,0,0,0,0,1
20260926-090514_laneA_exp1_prompt_vs_steer_issuebench_qwen3-8b,issuebench-sample-395138,initial,401,512,0.99,1,0.005,0,3.502,1,0,0,0,0,0,1
20260926-090514_laneA_exp1_prompt_vs_steer_issuebench_qwen3-8b,issuebench-sample-382202,initial,67,85,1.0,1,0.0154,0,11.049,0,0,0,0,0,0,1
20260926-090514_laneA_exp1_prompt_vs_steer_issuebench_qwen3-8b,issuebench-sample-368369,initial,60,84,1.0,1,0.0172,0,6.979,0,0,0,0,0,0,1
20260926-090514_laneA_exp1_prompt_vs_steer_issuebench_qwen3-8b,issuebench-sample-460538,initial,95,135,1.0,1,0.0108,0,9.269,0,0,0,0,0,0,1
20260926-090514_laneA_exp1_prompt_vs_steer_issuebench_qwen3-8b,issuebench-sample-13380,initial,297,431,0.9593,1,0.0136,0,2.516,0,0,0,0,0,0,1
20260926-090514_laneA_exp1_prompt_vs_steer_issuebench_qwen3-8b,issuebench-sample-525105,initial,471,512,0.7505,1,0.0341,0,3.175,1,0,0,0,0,0,1
20260926-090514_laneA_exp1_prompt_vs_steer_issuebench_qwen3-8b,issuebench-sample-225027,initial,53,68,1.0,1,0.0196,0,7.33,0,0,0,0,0,0,1
20260926-090514_laneA_exp1_prompt_vs_steer_issuebench_qwen3-8b,issuebench-sample-198663,initial,103,124,1.0,1,0.0099,0,4.948,0,0,0,0,0,0,1
20260926-090514_laneA_exp1_prompt_vs_steer_issuebench_qwen3-8b,issuebench-sample-82509,initial,85,114,0.9639,1,0.0361,0,5.06,0,0,0,0,0,0,1
20260926-090514_laneA_exp1_prompt_vs_steer_issuebench_qwen3-8b,issuebench-sample-133858,initial,48,66,0.9565,1,0.0435,0,11.5,0,0,0,0,0,0,1
20260926-090514_laneA_exp1_prompt_vs_steer_issuebench_qwen3-8b,issuebench-sample-570841,initial,303,411,0.9336,1,0.01,0,3.337,0,0,0,0,0,0,1
20260926-090514_laneA_exp1_prompt_vs_steer_issuebench_qwen3-8b,issuebench-sample-298790,initial,54,66,1.0,1,0.0192,0,7.315,0,0,0,0,0,0,1
20260926-090514_laneA_exp1_prompt_vs_steer_issuebench_qwen3-8b,issuebench-sample-104567,initial,63,81,1.0,1,0.0164,0,20.439,0,0,0,0,0,1,0
20260926-090514_laneA_exp1_prompt_vs_steer_issuebench_qwen3-8b,issuebench-sample-375196,initial,196,258,0.9897,1,0.0155,0,10.372,0,0,0,0,0,0,1
20260926-090514_laneA_exp1_prompt_vs_steer_issuebench_qwen3-8b,issuebench-sample-49509,initial,41,46,1.0,1,0.0256,0,11.118,0,0,0,0,0,0,1
20260926-090514_laneA_exp1_prompt_vs_steer_issuebench_qwen3-8b,issuebench-sample-480919,initial,117,153,1.0,1,0.0087,0,4.544,0,0,0,0,0,0,1
20260926-090514_laneA_exp1_prompt_vs_steer_issuebench_qwen3-8b,issuebench-sample-364784,initial,66,79,0.9688,1,0.0312,0,8.514,0,0,0,0,0,0,1
20260926-090514_laneA_exp1_prompt_vs_steer_issuebench_qwen3-8b,issuebench-sample-404062,initial,131,188,0.9922,1,0.0155,0,4.472,0,0,0,0,0,0,1
20260926-090514_laneA_exp1_prompt_vs_steer_issuebench_qwen3-8b,issuebench-sample-36734,initial,355,512,0.9802,1,0.0057,0,3.17,1,0,0,0,0,0,1
20260926-090514_laneA_exp1_prompt_vs_steer_issuebench_qwen3-8b,issuebench-sample-51660,initial,401,512,0.9699,1,0.01,0,2.776,1,0,0,0,0,0,1
20260926-090514_laneA_exp1_prompt_vs_steer_issuebench_qwen3-8b,issuebench-sample-611680,initial,104,136,1.0,1,0.0098,0,8.098,0,0,0,0,0,0,1
20260926-090514_laneA_exp1_prompt_vs_steer_issuebench_qwen3-8b,issuebench-sample-133847,initial,65,88,0.9841,1,0.0317,0,13.497,0,0,0,0,0,0,1
20260926-090514_laneA_exp1_prompt_vs_steer_issuebench_qwen3-8b,issuebench-sample-132182,initial,24,29,1.0,1,0.0455,0,9.445,0,0,0,0,0,0,1
20260926-090514_laneA_exp1_prompt_vs_steer_issuebench_qwen3-8b,issuebench-sample-443402,initial,335,410,0.994,1,0.006,0,3.802,0,0,0,0,0,0,1
20260926-090514_laneA_exp1_prompt_vs_steer_issuebench_qwen3-8b,issuebench-sample-283916,initial,416,512,0.9758,1,0.0072,0,3.065,1,0,0,0,0,0,1
20260926-090514_laneA_exp1_prompt_vs_steer_issuebench_qwen3-8b,issuebench-sample-597900,initial,423,512,0.8551,1,0.0143,0,4.703,1,0,0,0,0,0,1
20260926-090514_laneA_exp1_prompt_vs_steer_issuebench_qwen3-8b,issuebench-sample-301402,initial,85,119,1.0,1,0.012,0,8.205,0,0,0,0,0,0,1
20260926-090514_laneA_exp1_prompt_vs_steer_issuebench_qwen3-8b,issuebench-sample-289722,initial,60,76,1.0,1,0.0172,0,6.606,0,0,0,0,0,0,1
20260926-090514_laneA_exp1_prompt_vs_steer_issuebench_qwen3-8b,issuebench-sample-601385,initial,70,86,0.9853,1,0.0294,0,6.571,0,0,0,0,0,0,1
20260926-090514_laneA_exp1_prompt_vs_steer_issuebench_qwen3-8b,issuebench-sample-608450,initial,315,387,0.9808,1,0.0096,0,3.412,0,0,0,0,0,0,1
20260926-090514_laneA_exp1_prompt_vs_steer_issuebench_qwen3-8b,issuebench-sample-614224,initial,54,65,1.0,1,0.0192,0,16.859,0,0,0,0,0,1,0
20260926-090514_laneA_exp1_prompt_vs_steer_issuebench_qwen3-8b,issuebench-sample-193885,initial,163,240,1.0,1,0.0062,0,8.102,0,0,0,0,0,0,1
20260926-090514_laneA_exp1_prompt_vs_steer_issuebench_qwen3-8b,issuebench-sample-523662,initial,40,51,1.0,1,0.0263,0,23.862,0,0,0,0,0,1,0
20260926-090514_laneA_exp1_prompt_vs_steer_issuebench_qwen3-8b,issuebench-sample-198788,initial,85,96,1.0,1,0.012,0,6.644,0,0,0,0,0,0,1
20260926-090514_laneA_exp1_prompt_vs_steer_issuebench_qwen3-8b,issuebench-sample-24672,initial,77,89,0.96,1,0.0267,0,10.394,0,0,0,0,0,0,1
20260926-090514_laneA_exp1_prompt_vs_steer_issuebench_qwen3-8b,issuebench-sample-354968,initial,55,62,1.0,1,0.0189,0,4.531,0,0,0,0,0,0,1
20260926-090514_laneA_exp1_prompt_vs_steer_issuebench_qwen3-8b,issuebench-sample-426506,initial,45,60,1.0,1,0.0233,0,10.872,0,0,0,0,0,0,1
20260926-090514_laneA_exp1_prompt_vs_steer_issuebench_qwen3-8b,issuebench-sample-548473,initial,100,141,1.0,1,0.0102,0,15.243,0,0,0,0,0,0,1
20260926-090514_laneA_exp1_prompt_vs_steer_issuebench_qwen3-8b,issuebench-sample-489503,prompt_neg,173,231,1.0,1,0.0058,0,5.053,0,0,0,0,0,0,1
20260926-090514_laneA_exp1_prompt_vs_steer_issuebench_qwen3-8b,issuebench-sample-518707,prompt_neg,106,126,1.0,1,0.0096,0,7.439,0,0,0,0,0,0,1
20260926-090514_laneA_exp1_prompt_vs_steer_issuebench_qwen3-8b,issuebench-sample-435000,prompt_neg,75,86,0.9863,1,0.0274,0,8.105,0,0,0,0,0,0,1
20260926-090514_laneA_exp1_prompt_vs_steer_issuebench_qwen3-8b,issuebench-sample-390672,prompt_neg,143,182,1.0,1,0.0071,0,6.441,0,0,0,0,0,0,1
20260926-090514_laneA_exp1_prompt_vs_steer_issuebench_qwen3-8b,issuebench-sample-234820,prompt_neg,137,164,1.0,1,0.0074,0,3.317,0,0,0,0,0,0,1
20260926-090514_laneA_exp1_prompt_vs_steer_issuebench_qwen3-8b,issuebench-sample-373694,prompt_neg,75,89,1.0,1,0.0137,0,6.271,0,0,0,0,0,0,1
20260926-090514_laneA_exp1_prompt_vs_steer_issuebench_qwen3-8b,issuebench-sample-258095,prompt_neg,130,156,0.9688,1,0.0156,0,8.271,0,0,0,0,0,0,1
20260926-090514_laneA_exp1_prompt_vs_steer_issuebench_qwen3-8b,issuebench-sample-199040,prompt_neg,94,117,1.0,1,0.0109,0,6.926,0,0,0,0,0,0,1
20260926-090514_laneA_exp1_prompt_vs_steer_issuebench_qwen3-8b,issuebench-sample-440301,prompt_neg,210,237,0.9712,1,0.0192,0,4.482,0,0,0,0,0,0,1
20260926-090514_laneA_exp1_prompt_vs_steer_issuebench_qwen3-8b,issuebench-sample-437647,prompt_neg,100,120,1.0,1,0.0102,0,5.685,0,0,0,0,0,0,1
20260926-090514_laneA_exp1_prompt_vs_steer_issuebench_qwen3-8b,issuebench-sample-356895,prompt_neg,255,315,0.9684,1,0.0119,0,3.495,0,0,0,0,0,0,1
20260926-090514_laneA_exp1_prompt_vs_steer_issuebench_qwen3-8b,issuebench-sample-103722,prompt_neg,79,98,1.0,1,0.013,0,3.377,0,0,0,0,0,0,1
20260926-090514_laneA_exp1_prompt_vs_steer_issuebench_qwen3-8b,issuebench-sample-482375,prompt_neg,368,507,0.9891,1,0.0055,0,3.469,1,0,0,0,0,0,1
20260926-090514_laneA_exp1_prompt_vs_steer_issuebench_qwen3-8b,issuebench-sample-71773,prompt_neg,89,102,1.0,1,0.0115,0,6.573,0,0,0,0,0,0,1
20260926-090514_laneA_exp1_prompt_vs_steer_issuebench_qwen3-8b,issuebench-sample-7315,prompt_neg,312,512,0.9935,1,0.0065,0,2.677,1,0,0,0,0,0,1
20260926-090514_laneA_exp1_prompt_vs_steer_issuebench_qwen3-8b,issuebench-sample-375308,prompt_neg,276,327,0.9854,1,0.0109,0,4.133,0,0,0,0,0,0,1
20260926-090514_laneA_exp1_prompt_vs_steer_issuebench_qwen3-8b,issuebench-sample-438434,prompt_neg,259,352,1.0,1,0.0039,0,4.202,0,0,0,0,0,0,1
20260926-090514_laneA_exp1_prompt_vs_steer_issuebench_qwen3-8b,issuebench-sample-358159,prompt_neg,79,101,0.987,1,0.026,0,10.31,0,0,0,0,0,0,1
20260926-090514_laneA_exp1_prompt_vs_steer_issuebench_qwen3-8b,issuebench-sample-377767,prompt_neg,412,512,0.961,1,0.0122,0,3.826,1,0,0,0,0,0,1
20260926-090514_laneA_exp1_prompt_vs_steer_issuebench_qwen3-8b,issuebench-sample-361285,prompt_neg,22,27,1.0,1,0.05,0,35.959,0,0,0,0,0,1,0
20260926-090514_laneA_exp1_prompt_vs_steer_issuebench_qwen3-8b,issuebench-sample-347246,prompt_neg,208,244,0.9563,1,0.0097,0,4.131,0,0,0,0,0,0,1
20260926-090514_laneA_exp1_prompt_vs_steer_issuebench_qwen3-8b,issuebench-sample-453827,prompt_neg,137,166,0.9704,1,0.0222,0,6.656,0,0,0,0,0,0,1
20260926-090514_laneA_exp1_prompt_vs_steer_issuebench_qwen3-8b,issuebench-sample-609998,prompt_neg,330,382,0.9848,1,0.0061,0,3.569,0,0,0,0,0,0,1
20260926-090514_laneA_exp1_prompt_vs_steer_issuebench_qwen3-8b,issuebench-sample-631926,prompt_neg,231,269,0.9782,1,0.0131,0,5.093,0,0,0,0,0,0,1
20260926-090514_laneA_exp1_prompt_vs_steer_issuebench_qwen3-8b,issuebench-sample-401738,prompt_neg,65,89,1.0,1,0.0159,0,5.826,0,0,0,0,0,0,1
20260926-090514_laneA_exp1_prompt_vs_steer_issuebench_qwen3-8b,issuebench-sample-27409,prompt_neg,341,512,0.9823,1,0.0088,0,3.154,1,0,0,0,0,0,1
20260926-090514_laneA_exp1_prompt_vs_steer_issuebench_qwen3-8b,issuebench-sample-86363,prompt_neg,133,161,1.0,1,0.0076,0,5.684,0,0,0,0,0,0,1
20260926-090514_laneA_exp1_prompt_vs_steer_issuebench_qwen3-8b,issuebench-sample-526183,prompt_neg,160,195,0.9937,1,0.0127,0,5.035,0,0,0,0,0,0,1
20260926-090514_laneA_exp1_prompt_vs_steer_issuebench_qwen3-8b,issuebench-sample-369558,prompt_neg,89,106,0.9885,1,0.023,0,11.528,0,0,0,0,0,0,1
20260926-090514_laneA_exp1_prompt_vs_steer_issuebench_qwen3-8b,issuebench-sample-130025,prompt_neg,173,209,0.9942,1,0.0117,0,4.289,0,0,0,0,0,0,1
20260926-090514_laneA_exp1_prompt_vs_steer_issuebench_qwen3-8b,issuebench-sample-634774,prompt_neg,77,96,1.0,1,0.0133,0,7.43,0,0,0,0,0,0,1
20260926-090514_laneA_exp1_prompt_vs_steer_issuebench_qwen3-8b,issuebench-sample-364345,prompt_neg,157,194,1.0,1,0.0065,0,4.201,0,0,0,0,0,0,1
20260926-090514_laneA_exp1_prompt_vs_steer_issuebench_qwen3-8b,issuebench-sample-516207,prompt_neg,270,399,0.9925,1,0.0075,0,3.58,0,0,0,0,0,0,1
20260926-090514_laneA_exp1_prompt_vs_steer_issuebench_qwen3-8b,issuebench-sample-258329,prompt_neg,102,127,1.0,1,0.01,0,3.329,0,0,0,0,0,0,1
20260926-090514_laneA_exp1_prompt_vs_steer_issuebench_qwen3-8b,issuebench-sample-394849,prompt_neg,198,229,0.9745,1,0.0153,0,4.659,0,0,0,0,0,0,1
20260926-090514_laneA_exp1_prompt_vs_steer_issuebench_qwen3-8b,issuebench-sample-296546,prompt_neg,409,512,0.9828,1,0.0098,0,3.768,1,0,0,0,0,0,1
20260926-090514_laneA_exp1_prompt_vs_steer_issuebench_qwen3-8b,issuebench-sample-35240,prompt_neg,159,184,0.9809,1,0.0127,0,4.541,0,0,0,0,0,0,1
20260926-090514_laneA_exp1_prompt_vs_steer_issuebench_qwen3-8b,issuebench-sample-193714,prompt_neg,102,114,0.99,1,0.02,0,5.97,0,0,0,0,0,0,1
20260926-090514_laneA_exp1_prompt_vs_steer_issuebench_qwen3-8b,issuebench-sample-8855,prompt_neg,398,512,0.9798,1,0.0076,0,3.44,1,0,0,0,0,0,1
20260926-090514_laneA_exp1_prompt_vs_steer_issuebench_qwen3-8b,issuebench-sample-263840,prompt_neg,97,127,1.0,1,0.0105,0,6.052,0,0,0,0,0,0,1
20260926-090514_laneA_exp1_prompt_vs_steer_issuebench_qwen3-8b,issuebench-sample-521375,prompt_neg,115,141,0.9912,1,0.0177,0,5.798,0,0,0,0,0,0,1
20260926-090514_laneA_exp1_prompt_vs_steer_issuebench_qwen3-8b,issuebench-sample-485225,prompt_neg,266,321,0.9924,1,0.0076,0,4.102,0,0,0,0,0,0,1
20260926-090514_laneA_exp1_prompt_vs_steer_issuebench_qwen3-8b,issuebench-sample-388605,prompt_neg,208,271,0.9757,1,0.0097,0,3.437,0,0,0,0,0,0,1
20260926-090514_laneA_exp1_prompt_vs_steer_issuebench_qwen3-8b,issuebench-sample-339228,prompt_neg,89,105,0.977,1,0.023,0,6.439,0,0,0,0,0,0,1
20260926-090514_laneA_exp1_prompt_vs_steer_issuebench_qwen3-8b,issuebench-sample-566895,prompt_neg,268,326,0.9737,1,0.0113,0,4.378,0,0,0,0,0,0,1
20260926-090514_laneA_exp1_prompt_vs_steer_issuebench_qwen3-8b,issuebench-sample-194644,prompt_neg,391,512,0.9974,1,0.0051,0,4.475,1,0,0,0,0,0,1
20260926-090514_laneA_exp1_prompt_vs_steer_issuebench_qwen3-8b,issuebench-sample-312729,prompt_neg,279,326,0.9242,1,0.0144,0,3.617,0,0,0,0,0,0,1
20260926-090514_laneA_exp1_prompt_vs_steer_issuebench_qwen3-8b,issuebench-sample-295888,prompt_neg,257,410,0.9686,1,0.0118,0,3.39,0,0,0,0,0,0,1
20260926-090514_laneA_exp1_prompt_vs_steer_issuebench_qwen3-8b,issuebench-sample-249036,prompt_neg,222,264,0.9818,1,0.0091,0,4.384,0,0,0,0,0,0,1
20260926-090514_laneA_exp1_prompt_vs_steer_issuebench_qwen3-8b,issuebench-sample-473106,prompt_neg,98,110,1.0,1,0.0104,0,8.97,0,0,0,0,0,0,1
20260926-090514_laneA_exp1_prompt_vs_steer_issuebench_qwen3-8b,issuebench-sample-25351,prompt_neg,73,88,1.0,1,0.0141,0,12.53,0,0,0,0,0,0,1
20260926-090514_laneA_exp1_prompt_vs_steer_issuebench_qwen3-8b,issuebench-sample-591596,prompt_neg,442,512,0.9705,1,0.0068,0,3.284,1,0,0,0,0,0,1
20260926-090514_laneA_exp1_prompt_vs_steer_issuebench_qwen3-8b,issuebench-sample-383960,prompt_neg,97,111,0.9895,1,0.0211,0,5.05,0,0,0,0,0,0,1
20260926-090514_laneA_exp1_prompt_vs_steer_issuebench_qwen3-8b,issuebench-sample-24133,prompt_neg,427,512,0.9529,1,0.0047,0,3.278,1,0,0,0,0,0,1
20260926-090514_laneA_exp1_prompt_vs_steer_issuebench_qwen3-8b,issuebench-sample-194934,prompt_neg,43,48,1.0,1,0.0244,0,9.959,0,0,0,0,0,0,1
20260926-090514_laneA_exp1_prompt_vs_steer_issuebench_qwen3-8b,issuebench-sample-278436,prompt_neg,71,89,1.0,1,0.0145,0,6.171,0,0,0,0,0,0,1
20260926-090514_laneA_exp1_prompt_vs_steer_issuebench_qwen3-8b,issuebench-sample-153970,prompt_neg,102,122,1.0,1,0.01,0,8.074,0,0,0,0,0,0,1
20260926-090514_laneA_exp1_prompt_vs_steer_issuebench_qwen3-8b,issuebench-sample-467113,prompt_neg,95,111,0.9892,1,0.0215,0,5.908,0,0,0,0,0,0,1
20260926-090514_laneA_exp1_prompt_vs_steer_issuebench_qwen3-8b,issuebench-sample-632326,prompt_neg,100,116,1.0,1,0.0102,0,8.061,0,0,0,0,0,0,1
20260926-090514_laneA_exp1_prompt_vs_steer_issuebench_qwen3-8b,issuebench-sample-609745,prompt_neg,405,512,1.0,1,0.0025,0,3.924,1,0,0,0,0,0,1
20260926-090514_laneA_exp1_prompt_vs_steer_issuebench_qwen3-8b,issuebench-sample-567597,prompt_neg,344,512,0.9766,1,0.0088,0,3.583,1,0,0,0,0,0,1
20260926-090514_laneA_exp1_prompt_vs_steer_issuebench_qwen3-8b,issuebench-sample-554044,prompt_neg,384,512,0.9817,1,0.0052,0,2.605,1,0,0,0,0,0,1
20260926-090514_laneA_exp1_prompt_vs_steer_issuebench_qwen3-8b,issuebench-sample-518857,prompt_neg,84,98,1.0,1,0.0122,0,7.074,0,0,0,0,0,0,1
20260926-090514_laneA_exp1_prompt_vs_steer_issuebench_qwen3-8b,issuebench-sample-60142,prompt_neg,100,120,1.0,1,0.0102,0,5.757,0,0,0,0,0,0,1
20260926-090514_laneA_exp1_prompt_vs_steer_issuebench_qwen3-8b,issuebench-sample-370658,prompt_neg,101,120,0.9798,1,0.0202,0,5.733,0,0,0,0,0,0,1
20260926-090514_laneA_exp1_prompt_vs_steer_issuebench_qwen3-8b,issuebench-sample-604379,prompt_neg,303,386,0.9635,1,0.01,0,3.27,0,0,0,0,0,0,1
20260926-090514_laneA_exp1_prompt_vs_steer_issuebench_qwen3-8b,issuebench-sample-144658,prompt_neg,68,79,1.0,1,0.0152,0,5.876,0,0,0,0,0,0,1
20260926-090514_laneA_exp1_prompt_vs_steer_issuebench_qwen3-8b,issuebench-sample-408789,prompt_neg,65,77,0.9841,1,0.0317,0,9.941,0,0,0,0,0,0,1
20260926-090514_laneA_exp1_prompt_vs_steer_issuebench_qwen3-8b,issuebench-sample-463850,prompt_neg,112,135,1.0,1,0.0091,0,6.552,0,0,0,0,0,0,1
20260926-090514_laneA_exp1_prompt_vs_steer_issuebench_qwen3-8b,issuebench-sample-539043,prompt_neg,48,59,1.0,1,0.0217,0,10.541,0,0,0,0,0,0,1
20260926-090514_laneA_exp1_prompt_vs_steer_issuebench_qwen3-8b,issuebench-sample-386525,prompt_neg,128,159,0.9683,1,0.0159,0,4.184,0,0,0,0,0,0,1
20260926-090514_laneA_exp1_prompt_vs_steer_issuebench_qwen3-8b,issuebench-sample-295832,prompt_neg,64,73,1.0,1,0.0161,0,9.648,0,0,0,0,0,0,1
20260926-090514_laneA_exp1_prompt_vs_steer_issuebench_qwen3-8b,issuebench-sample-348827,prompt_neg,47,56,1.0,1,0.0222,0,5.672,0,0,0,0,0,0,1
20260926-090514_laneA_exp1_prompt_vs_steer_issuebench_qwen3-8b,issuebench-sample-75097,prompt_neg,281,412,0.9642,1,0.0108,0,2.552,0,0,0,0,0,0,1
20260926-090514_laneA_exp1_prompt_vs_steer_issuebench_qwen3-8b,issuebench-sample-116340,prompt_neg,87,104,1.0,1,0.0118,0,10.548,0,0,0,0,0,0,1
20260926-090514_laneA_exp1_prompt_vs_steer_issuebench_qwen3-8b,issuebench-sample-594336,prompt_neg,428,512,0.9624,1,0.0094,0,3.319,1,0,0,0,0,0,1
20260926-090514_laneA_exp1_prompt_vs_steer_issuebench_qwen3-8b,issuebench-sample-385637,prompt_neg,451,512,0.98,1,0.0111,0,2.618,1,0,0,0,0,0,1
20260926-090514_laneA_exp1_prompt_vs_steer_issuebench_qwen3-8b,issuebench-sample-333381,prompt_neg,67,78,0.9846,1,0.0308,0,4.028,0,0,0,0,0,0,1
20260926-090514_laneA_exp1_prompt_vs_steer_issuebench_qwen3-8b,issuebench-sample-243482,prompt_neg,300,347,0.9732,1,0.0134,0,3.939,0,0,0,0,0,0,1
20260926-090514_laneA_exp1_prompt_vs_steer_issuebench_qwen3-8b,issuebench-sample-503748,prompt_neg,412,512,0.9537,1,0.0073,0,2.883,1,0,0,0,0,0,1
20260926-090514_laneA_exp1_prompt_vs_steer_issuebench_qwen3-8b,issuebench-sample-522099,prompt_neg,103,126,1.0,1,0.0099,0,9.062,0,0,0,0,0,0,1
20260926-090514_laneA_exp1_prompt_vs_steer_issuebench_qwen3-8b,issuebench-sample-606016,prompt_neg,73,82,0.9859,1,0.0282,0,5.761,0,0,0,0,0,0,1
20260926-090514_laneA_exp1_prompt_vs_steer_issuebench_qwen3-8b,issuebench-sample-368130,prompt_neg,93,113,1.0,1,0.011,0,7.613,0,0,0,0,0,0,1
20260926-090514_laneA_exp1_prompt_vs_steer_issuebench_qwen3-8b,issuebench-sample-359302,prompt_neg,430,512,0.9626,1,0.007,0,3.019,1,0,0,0,0,0,1
20260926-090514_laneA_exp1_prompt_vs_steer_issuebench_qwen3-8b,issuebench-sample-610726,prompt_neg,102,120,1.0,1,0.01,0,5.651,0,0,0,0,0,0,1
20260926-090514_laneA_exp1_prompt_vs_steer_issuebench_qwen3-8b,issuebench-sample-519816,prompt_neg,434,512,0.9769,1,0.0069,0,3.019,1,0,0,0,0,0,1
20260926-090514_laneA_exp1_prompt_vs_steer_issuebench_qwen3-8b,issuebench-sample-565963,prompt_neg,98,120,1.0,1,0.0104,0,4.935,0,0,0,0,0,0,1
20260926-090514_laneA_exp1_prompt_vs_steer_issuebench_qwen3-8b,issuebench-sample-559862,prompt_neg,61,80,1.0,1,0.0169,0,4.112,0,0,0,0,0,0,1
20260926-090514_laneA_exp1_prompt_vs_steer_issuebench_qwen3-8b,issuebench-sample-371868,prompt_neg,122,151,0.9917,1,0.0167,0,5.118,0,0,0,0,0,0,1
20260926-090514_laneA_exp1_prompt_vs_steer_issuebench_qwen3-8b,issuebench-sample-434633,prompt_neg,38,43,1.0,1,0.0278,0,16.815,0,0,0,0,0,1,0
20260926-090514_laneA_exp1_prompt_vs_steer_issuebench_qwen3-8b,issuebench-sample-160362,prompt_neg,187,229,1.0,1,0.0054,0,3.466,0,0,0,0,0,0,1
20260926-090514_laneA_exp1_prompt_vs_steer_issuebench_qwen3-8b,issuebench-sample-387918,prompt_neg,141,160,0.9568,1,0.0144,0,4.638,0,0,0,0,0,0,1
20260926-090514_laneA_exp1_prompt_vs_steer_issuebench_qwen3-8b,issuebench-sample-306662,prompt_neg,250,299,0.9718,1,0.0081,0,3.868,0,0,0,0,0,0,1
20260926-090514_laneA_exp1_prompt_vs_steer_issuebench_qwen3-8b,issuebench-sample-96199,prompt_neg,172,233,0.9824,1,0.0118,0,4.39,0,0,0,0,0,0,1
20260926-090514_laneA_exp1_prompt_vs_steer_issuebench_qwen3-8b,issuebench-sample-114786,prompt_neg,441,512,0.9613,1,0.0114,0,3.277,1,0,0,0,0,0,1
20260926-090514_laneA_exp1_prompt_vs_steer_issuebench_qwen3-8b,issuebench-sample-613959,prompt_neg,55,66,1.0,1,0.0189,0,7.021,0,0,0,0,0,0,1
20260926-090514_laneA_exp1_prompt_vs_steer_issuebench_qwen3-8b,issuebench-sample-598529,prompt_neg,280,318,0.9712,1,0.0108,0,4.955,0,0,0,0,0,0,1
20260926-090514_laneA_exp1_prompt_vs_steer_issuebench_qwen3-8b,issuebench-sample-498994,prompt_neg,436,512,0.9585,1,0.0069,0,3.548,1,0,0,0,0,0,1
20260926-090514_laneA_exp1_prompt_vs_steer_issuebench_qwen3-8b,issuebench-sample-328370,prompt_neg,316,380,0.9682,1,0.0096,0,4.286,0,0,0,0,0,0,1
20260926-090514_laneA_exp1_prompt_vs_steer_issuebench_qwen3-8b,issuebench-sample-249766,prompt_neg,269,318,0.9775,1,0.0075,0,3.699,0,0,0,0,0,0,1
20260926-090514_laneA_exp1_prompt_vs_steer_issuebench_qwen3-8b,issuebench-sample-203626,prompt_neg,33,40,1.0,1,0.0323,0,17.485,0,0,0,0,0,1,0
20260926-090514_laneA_exp1_prompt_vs_steer_issuebench_qwen3-8b,issuebench-sample-176059,prompt_neg,94,114,0.9674,1,0.0217,0,13.533,0,0,0,0,0,0,1
20260926-090514_laneA_exp1_prompt_vs_steer_issuebench_qwen3-8b,issuebench-sample-519176,prompt_neg,277,327,0.9564,1,0.0109,0,3.669,0,0,0,0,0,0,1
20260926-090514_laneA_exp1_prompt_vs_steer_issuebench_qwen3-8b,issuebench-sample-30179,prompt_neg,377,512,0.984,1,0.0053,0,3.023,1,0,0,0,0,0,1
20260926-090514_laneA_exp1_prompt_vs_steer_issuebench_qwen3-8b,issuebench-sample-19539,prompt_neg,443,512,0.9864,1,0.0068,0,3.635,1,0,0,0,0,0,1
20260926-090514_laneA_exp1_prompt_vs_steer_issuebench_qwen3-8b,issuebench-sample-175920,prompt_neg,91,103,1.0,1,0.0112,0,8.003,0,0,0,0,0,0,1
20260926-090514_laneA_exp1_prompt_vs_steer_issuebench_qwen3-8b,issuebench-sample-53947,prompt_neg,399,470,0.9471,1,0.0101,0,4.048,0,0,0,0,0,0,1
20260926-090514_laneA_exp1_prompt_vs_steer_issuebench_qwen3-8b,issuebench-sample-594939,prompt_neg,93,110,1.0,1,0.011,0,5.736,0,0,0,0,0,0,1
20260926-090514_laneA_exp1_prompt_vs_steer_issuebench_qwen3-8b,issuebench-sample-245958,prompt_neg,372,432,0.9757,1,0.0054,0,3.015,0,0,0,0,0,0,1
20260926-090514_laneA_exp1_prompt_vs_steer_issuebench_qwen3-8b,issuebench-sample-265924,prompt_neg,342,512,0.9324,1,0.0118,0,2.05,1,0,0,0,0,0,1
20260926-090514_laneA_exp1_prompt_vs_steer_issuebench_qwen3-8b,issuebench-sample-205406,prompt_neg,240,297,0.9118,1,0.0168,0,4.169,0,0,0,0,0,0,1
20260926-090514_laneA_exp1_prompt_vs_steer_issuebench_qwen3-8b,issuebench-sample-273875,prompt_neg,87,105,1.0,1,0.0118,0,5.092,0,0,0,0,0,0,1
20260926-090514_laneA_exp1_prompt_vs_steer_issuebench_qwen3-8b,issuebench-sample-48996,prompt_neg,79,102,1.0,1,0.013,0,5.421,0,0,0,0,0,0,1
20260926-090514_laneA_exp1_prompt_vs_steer_issuebench_qwen3-8b,issuebench-sample-302662,prompt_neg,56,64,1.0,1,0.0185,0,12.118,0,0,0,0,0,0,1
20260926-090514_laneA_exp1_prompt_vs_steer_issuebench_qwen3-8b,issuebench-sample-486783,prompt_neg,88,113,1.0,1,0.0116,0,7.963,0,0,0,0,0,0,1
20260926-090514_laneA_exp1_prompt_vs_steer_issuebench_qwen3-8b,issuebench-sample-471632,prompt_neg,415,512,0.9564,1,0.0073,0,3.359,1,0,0,0,0,0,1
20260926-090514_laneA_exp1_prompt_vs_steer_issuebench_qwen3-8b,issuebench-sample-409224,prompt_neg,117,145,1.0,1,0.0087,0,8.466,0,0,0,0,0,0,1
20260926-090514_laneA_exp1_prompt_vs_steer_issuebench_qwen3-8b,issuebench-sample-61943,prompt_neg,423,512,0.9596,1,0.0071,0,2.987,1,0,0,0,0,0,1
20260926-090514_laneA_exp1_prompt_vs_steer_issuebench_qwen3-8b,issuebench-sample-76239,prompt_neg,71,87,0.9855,1,0.029,0,8.427,0,0,0,0,0,0,1
20260926-090514_laneA_exp1_prompt_vs_steer_issuebench_qwen3-8b,issuebench-sample-518174,prompt_neg,93,110,1.0,1,0.011,0,6.994,0,0,0,0,0,0,1
20260926-090514_laneA_exp1_prompt_vs_steer_issuebench_qwen3-8b,issuebench-sample-134785,prompt_neg,436,512,0.9286,1,0.0161,0,3.374,1,0,0,0,0,0,1
20260926-090514_laneA_exp1_prompt_vs_steer_issuebench_qwen3-8b,issuebench-sample-57904,prompt_neg,428,512,0.9742,1,0.0117,0,2.996,1,0,0,0,0,0,1
20260926-090514_laneA_exp1_prompt_vs_steer_issuebench_qwen3-8b,issuebench-sample-417246,prompt_neg,372,512,0.9541,1,0.0135,0,2.503,1,0,0,0,0,0,1
20260926-090514_laneA_exp1_prompt_vs_steer_issuebench_qwen3-8b,issuebench-sample-220242,prompt_neg,384,466,0.9738,1,0.0157,0,2.983,0,0,0,0,0,0,1
20260926-090514_laneA_exp1_prompt_vs_steer_issuebench_qwen3-8b,issuebench-sample-478381,prompt_neg,76,99,1.0,1,0.0135,0,8.839,0,0,0,0,0,0,1
20260926-090514_laneA_exp1_prompt_vs_steer_issuebench_qwen3-8b,issuebench-sample-513365,prompt_neg,147,171,1.0,1,0.0069,0,4.14,0,0,0,0,0,0,1
20260926-090514_laneA_exp1_prompt_vs_steer_issuebench_qwen3-8b,issuebench-sample-157326,prompt_neg,53,63,0.9804,1,0.0392,0,6.574,0,0,0,0,0,0,1
20260926-090514_laneA_exp1_prompt_vs_steer_issuebench_qwen3-8b,issuebench-sample-458503,prompt_neg,313,366,0.9614,1,0.0161,0,4.319,0,0,0,0,0,0,1
20260926-090514_laneA_exp1_prompt_vs_steer_issuebench_qwen3-8b,issuebench-sample-378853,prompt_neg,66,82,1.0,1,0.0156,0,5.776,0,0,0,0,0,0,1
20260926-090514_laneA_exp1_prompt_vs_steer_issuebench_qwen3-8b,issuebench-sample-10693,prompt_neg,79,101,1.0,1,0.013,0,8.493,0,0,0,0,0,0,1
20260926-090514_laneA_exp1_prompt_vs_steer_issuebench_qwen3-8b,issuebench-sample-195853,prompt_neg,70,81,1.0,1,0.0147,0,7.22,0,0,0,0,0,0,1
20260926-090514_laneA_exp1_prompt_vs_steer_issuebench_qwen3-8b,issuebench-sample-303525,prompt_neg,189,231,0.9893,1,0.016,0,4.113,0,0,0,0,0,0,1
20260926-090514_laneA_exp1_prompt_vs_steer_issuebench_qwen3-8b,issuebench-sample-148396,prompt_neg,391,512,0.9846,1,0.0103,0,2.613,1,0,0,0,0,0,1
20260926-090514_laneA_exp1_prompt_vs_steer_issuebench_qwen3-8b,issuebench-sample-433897,prompt_neg,422,512,0.9857,1,0.0071,0,2.951,1,0,0,0,0,0,1
20260926-090514_laneA_exp1_prompt_vs_steer_issuebench_qwen3-8b,issuebench-sample-292353,prompt_neg,58,68,1.0,1,0.0179,0,7.525,0,0,0,0,0,0,1
20260926-090514_laneA_exp1_prompt_vs_steer_issuebench_qwen3-8b,issuebench-sample-124301,prompt_neg,95,113,1.0,1,0.0108,0,5.852,0,0,0,0,0,0,1
20260926-090514_laneA_exp1_prompt_vs_steer_issuebench_qwen3-8b,issuebench-sample-574314,prompt_neg,344,397,0.9942,1,0.0058,0,2.841,0,0,0,0,0,0,1
20260926-090514_laneA_exp1_prompt_vs_steer_issuebench_qwen3-8b,issuebench-sample-612923,prompt_neg,117,145,0.9913,1,0.0174,0,6.491,0,0,0,0,0,0,1
20260926-090514_laneA_exp1_prompt_vs_steer_issuebench_qwen3-8b,issuebench-sample-155128,prompt_neg,145,166,0.965,1,0.021,0,3.972,0,0,0,0,0,0,1
20260926-090514_laneA_exp1_prompt_vs_steer_issuebench_qwen3-8b,issuebench-sample-28299,prompt_neg,75,88,1.0,1,0.0137,0,11.252,0,0,0,0,0,0,1
20260926-090514_laneA_exp1_prompt_vs_steer_issuebench_qwen3-8b,issuebench-sample-75580,prompt_neg,173,265,0.9883,1,0.0117,0,3.549,0,0,0,0,0,0,1
20260926-090514_laneA_exp1_prompt_vs_steer_issuebench_qwen3-8b,issuebench-sample-295825,prompt_neg,174,302,0.9884,1,0.0116,0,4.542,0,0,0,0,0,0,1
20260926-090514_laneA_exp1_prompt_vs_steer_issuebench_qwen3-8b,issuebench-sample-62227,prompt_neg,235,282,0.9871,1,0.0129,0,3.797,0,0,0,0,0,0,1
20260926-090514_laneA_exp1_prompt_vs_steer_issuebench_qwen3-8b,issuebench-sample-374359,prompt_neg,97,110,0.9684,1,0.0316,0,7.206,0,0,0,0,0,0,1
20260926-090514_laneA_exp1_prompt_vs_steer_issuebench_qwen3-8b,issuebench-sample-161255,prompt_neg,128,158,0.9921,1,0.0159,0,5.788,0,0,0,0,0,0,1
20260926-090514_laneA_exp1_prompt_vs_steer_issuebench_qwen3-8b,issuebench-sample-396757,prompt_neg,78,92,1.0,1,0.0132,0,7.116,0,0,0,0,0,0,1
20260926-090514_laneA_exp1_prompt_vs_steer_issuebench_qwen3-8b,issuebench-sample-199979,prompt_neg,126,153,0.9839,1,0.0161,0,4.827,0,0,0,0,0,0,1
20260926-090514_laneA_exp1_prompt_vs_steer_issuebench_qwen3-8b,issuebench-sample-583606,prompt_neg,434,512,0.9676,1,0.0046,0,3.537,1,0,0,0,0,0,1
20260926-090514_laneA_exp1_prompt_vs_steer_issuebench_qwen3-8b,issuebench-sample-579325,prompt_neg,75,92,1.0,1,0.0137,0,6.619,0,0,0,0,0,0,1
20260926-090514_laneA_exp1_prompt_vs_steer_issuebench_qwen3-8b,issuebench-sample-169935,prompt_neg,98,116,1.0,1,0.0104,0,7.881,0,0,0,0,0,0,1
20260926-090514_laneA_exp1_prompt_vs_steer_issuebench_qwen3-8b,issuebench-sample-354662,prompt_neg,107,121,1.0,1,0.0095,0,4.637,0,0,0,0,0,0,1
20260926-090514_laneA_exp1_prompt_vs_steer_issuebench_qwen3-8b,issuebench-sample-413527,prompt_neg,91,106,1.0,1,0.0112,0,5.766,0,0,0,0,0,0,1
20260926-090514_laneA_exp1_prompt_vs_steer_issuebench_qwen3-8b,issuebench-sample-291217,prompt_neg,123,153,1.0,1,0.0083,0,4.212,0,0,0,0,0,0,1
20260926-090514_laneA_exp1_prompt_vs_steer_issuebench_qwen3-8b,issuebench-sample-429961,prompt_neg,399,512,0.9572,1,0.0227,0,3.046,1,0,0,0,0,0,1
20260926-090514_laneA_exp1_prompt_vs_steer_issuebench_qwen3-8b,issuebench-sample-314991,prompt_neg,413,512,0.9805,1,0.0073,0,3.103,1,0,0,0,0,0,1
20260926-090514_laneA_exp1_prompt_vs_steer_issuebench_qwen3-8b,issuebench-sample-314368,prompt_neg,387,512,0.9714,1,0.0104,0,2.858,1,0,0,0,0,0,1
20260926-090514_laneA_exp1_prompt_vs_steer_issuebench_qwen3-8b,issuebench-sample-560109,prompt_neg,56,68,1.0,1,0.0185,0,3.95,0,0,0,0,0,0,1
20260926-090514_laneA_exp1_prompt_vs_steer_issuebench_qwen3-8b,issuebench-sample-515381,prompt_neg,72,82,1.0,1,0.0143,0,5.205,0,0,0,0,0,0,1
20260926-090514_laneA_exp1_prompt_vs_steer_issuebench_qwen3-8b,issuebench-sample-543212,prompt_neg,380,512,0.9762,1,0.0106,0,2.892,1,0,0,0,0,0,1
20260926-090514_laneA_exp1_prompt_vs_steer_issuebench_qwen3-8b,issuebench-sample-253224,prompt_neg,83,115,1.0,1,0.0123,0,9.779,0,0,0,0,0,0,1
20260926-090514_laneA_exp1_prompt_vs_steer_issuebench_qwen3-8b,issuebench-sample-286724,prompt_neg,107,119,0.9905,1,0.019,0,5.147,0,0,0,0,0,0,1
20260926-090514_laneA_exp1_prompt_vs_steer_issuebench_qwen3-8b,issuebench-sample-560892,prompt_neg,110,140,0.963,1,0.0278,0,10.952,0,0,0,0,0,0,1
20260926-090514_laneA_exp1_prompt_vs_steer_issuebench_qwen3-8b,issuebench-sample-395138,prompt_neg,76,92,0.973,1,0.027,0,5.586,0,0,0,0,0,0,1
20260926-090514_laneA_exp1_prompt_vs_steer_issuebench_qwen3-8b,issuebench-sample-382202,prompt_neg,138,170,0.9853,1,0.0147,0,4.883,0,0,0,0,0,0,1
20260926-090514_laneA_exp1_prompt_vs_steer_issuebench_qwen3-8b,issuebench-sample-368369,prompt_neg,340,398,0.9379,1,0.0148,0,3.386,0,0,0,0,0,0,1
20260926-090514_laneA_exp1_prompt_vs_steer_issuebench_qwen3-8b,issuebench-sample-460538,prompt_neg,79,97,1.0,1,0.013,0,7.508,0,0,0,0,0,0,1
20260926-090514_laneA_exp1_prompt_vs_steer_issuebench_qwen3-8b,issuebench-sample-13380,prompt_neg,253,406,0.9681,1,0.0159,0,2.243,0,0,0,0,0,0,1
20260926-090514_laneA_exp1_prompt_vs_steer_issuebench_qwen3-8b,issuebench-sample-525105,prompt_neg,457,512,0.9473,1,0.0132,0,3.493,1,0,0,0,0,0,1
20260926-090514_laneA_exp1_prompt_vs_steer_issuebench_qwen3-8b,issuebench-sample-225027,prompt_neg,101,124,1.0,1,0.0101,0,6.474,0,0,0,0,0,0,1
20260926-090514_laneA_exp1_prompt_vs_steer_issuebench_qwen3-8b,issuebench-sample-198663,prompt_neg,118,143,1.0,1,0.0086,0,5.022,0,0,0,0,0,0,1
20260926-090514_laneA_exp1_prompt_vs_steer_issuebench_qwen3-8b,issuebench-sample-82509,prompt_neg,174,215,0.9884,1,0.0116,0,3.857,0,0,0,0,0,0,1
20260926-090514_laneA_exp1_prompt_vs_steer_issuebench_qwen3-8b,issuebench-sample-133858,prompt_neg,218,259,1.0,1,0.0046,0,5.625,0,0,0,0,0,0,1
20260926-090514_laneA_exp1_prompt_vs_steer_issuebench_qwen3-8b,issuebench-sample-570841,prompt_neg,414,485,0.932,1,0.0097,0,3.458,0,0,0,0,0,0,1
20260926-090514_laneA_exp1_prompt_vs_steer_issuebench_qwen3-8b,issuebench-sample-298790,prompt_neg,42,48,1.0,1,0.025,0,8.719,0,0,0,0,0,0,1
20260926-090514_laneA_exp1_prompt_vs_steer_issuebench_qwen3-8b,issuebench-sample-104567,prompt_neg,106,131,1.0,1,0.0096,0,10.821,0,0,0,0,0,0,1
20260926-090514_laneA_exp1_prompt_vs_steer_issuebench_qwen3-8b,issuebench-sample-375196,prompt_neg,263,337,0.9847,1,0.0077,0,5.223,0,0,0,0,0,0,1
20260926-090514_laneA_exp1_prompt_vs_steer_issuebench_qwen3-8b,issuebench-sample-49509,prompt_neg,95,116,1.0,1,0.0108,0,4.979,0,0,0,0,0,0,1
20260926-090514_laneA_exp1_prompt_vs_steer_issuebench_qwen3-8b,issuebench-sample-480919,prompt_neg,180,221,0.9944,1,0.0112,0,5.555,0,0,0,0,0,0,1
20260926-090514_laneA_exp1_prompt_vs_steer_issuebench_qwen3-8b,issuebench-sample-364784,prompt_neg,100,128,1.0,1,0.0102,0,12.172,0,0,0,0,0,0,1
20260926-090514_laneA_exp1_prompt_vs_steer_issuebench_qwen3-8b,issuebench-sample-404062,prompt_neg,325,435,0.9845,1,0.0093,0,3.109,0,0,0,0,0,0,1
20260926-090514_laneA_exp1_prompt_vs_steer_issuebench_qwen3-8b,issuebench-sample-36734,prompt_neg,91,107,1.0,1,0.0112,0,7.279,0,0,0,0,0,0,1
20260926-090514_laneA_exp1_prompt_vs_steer_issuebench_qwen3-8b,issuebench-sample-51660,prompt_neg,414,512,0.9806,1,0.0073,0,2.926,1,0,0,0,0,0,1
20260926-090514_laneA_exp1_prompt_vs_steer_issuebench_qwen3-8b,issuebench-sample-611680,prompt_neg,93,106,1.0,1,0.011,0,6.948,0,0,0,0,0,0,1
20260926-090514_laneA_exp1_prompt_vs_steer_issuebench_qwen3-8b,issuebench-sample-133847,prompt_neg,362,512,0.9667,1,0.0056,0,4.351,1,0,0,0,0,0,1
20260926-090514_laneA_exp1_prompt_vs_steer_issuebench_qwen3-8b,issuebench-sample-132182,prompt_neg,7,9,1.0,1,0.2,0,23.399,0,0,0,0,0,1,0
20260926-090514_laneA_exp1_prompt_vs_steer_issuebench_qwen3-8b,issuebench-sample-443402,prompt_neg,386,468,0.987,1,0.013,0,4.781,0,0,0,0,0,0,1
20260926-090514_laneA_exp1_prompt_vs_steer_issuebench_qwen3-8b,issuebench-sample-283916,prompt_neg,451,512,0.9733,1,0.0089,0,3.485,1,0,0,0,0,0,1
20260926-090514_laneA_exp1_prompt_vs_steer_issuebench_qwen3-8b,issuebench-sample-597900,prompt_neg,430,512,0.9112,1,0.0257,0,5.427,1,0,0,0,0,0,1
20260926-090514_laneA_exp1_prompt_vs_steer_issuebench_qwen3-8b,issuebench-sample-301402,prompt_neg,59,76,1.0,1,0.0175,0,10.281,0,0,0,0,0,0,1
20260926-090514_laneA_exp1_prompt_vs_steer_issuebench_qwen3-8b,issuebench-sample-289722,prompt_neg,90,112,1.0,1,0.0114,0,4.553,0,0,0,0,0,0,1
20260926-090514_laneA_exp1_prompt_vs_steer_issuebench_qwen3-8b,issuebench-sample-601385,prompt_neg,222,257,0.9818,1,0.0182,0,3.243,0,0,0,0,0,0,1
20260926-090514_laneA_exp1_prompt_vs_steer_issuebench_qwen3-8b,issuebench-sample-608450,prompt_neg,397,461,0.9772,1,0.0076,0,3.273,0,0,0,0,0,0,1
20260926-090514_laneA_exp1_prompt_vs_steer_issuebench_qwen3-8b,issuebench-sample-614224,prompt_neg,38,45,1.0,1,0.0278,0,14.706,0,0,0,0,0,0,1
20260926-090514_laneA_exp1_prompt_vs_steer_issuebench_qwen3-8b,issuebench-sample-193885,prompt_neg,62,69,0.9667,1,0.0333,0,6.855,0,0,0,0,0,0,1
20260926-090514_laneA_exp1_prompt_vs_steer_issuebench_qwen3-8b,issuebench-sample-523662,prompt_neg,69,89,0.9851,1,0.0299,0,7.825,0,0,0,0,0,0,1
20260926-090514_laneA_exp1_prompt_vs_steer_issuebench_qwen3-8b,issuebench-sample-198788,prompt_neg,110,134,1.0,1,0.0093,0,4.979,0,0,0,0,0,0,1
20260926-090514_laneA_exp1_prompt_vs_steer_issuebench_qwen3-8b,issuebench-sample-24672,prompt_neg,107,127,0.9619,1,0.019,0,4.131,0,0,0,0,0,0,1
20260926-090514_laneA_exp1_prompt_vs_steer_issuebench_qwen3-8b,issuebench-sample-354968,prompt_neg,82,97,1.0,1,0.0125,0,4.957,0,0,0,0,0,0,1
20260926-090514_laneA_exp1_prompt_vs_steer_issuebench_qwen3-8b,issuebench-sample-426506,prompt_neg,73,93,1.0,1,0.0141,0,6.475,0,0,0,0,0,0,1
20260926-090514_laneA_exp1_prompt_vs_steer_issuebench_qwen3-8b,issuebench-sample-548473,prompt_neg,101,117,1.0,1,0.0101,0,11.268,0,0,0,0,0,0,1
20260926-090514_laneA_exp1_prompt_vs_steer_issuebench_qwen3-8b,issuebench-sample-489503,prompt_pos,338,439,0.9167,1,0.0149,0,3.017,0,0,0,0,0,0,1
20260926-090514_laneA_exp1_prompt_vs_steer_issuebench_qwen3-8b,issuebench-sample-518707,prompt_pos,161,196,0.9937,1,0.0126,0,6.616,0,0,0,0,0,0,1
20260926-090514_laneA_exp1_prompt_vs_steer_issuebench_qwen3-8b,issuebench-sample-435000,prompt_pos,100,117,1.0,1,0.0102,0,8.473,0,0,0,0,0,0,1
20260926-090514_laneA_exp1_prompt_vs_steer_issuebench_qwen3-8b,issuebench-sample-390672,prompt_pos,431,512,0.986,1,0.0047,0,4.089,1,0,0,0,0,0,1
20260926-090514_laneA_exp1_prompt_vs_steer_issuebench_qwen3-8b,issuebench-sample-234820,prompt_pos,182,227,0.9889,1,0.0111,0,4.359,0,0,0,0,0,0,1
20260926-090514_laneA_exp1_prompt_vs_steer_issuebench_qwen3-8b,issuebench-sample-373694,prompt_pos,102,119,1.0,1,0.01,0,4.73,0,0,0,0,0,0,1
20260926-090514_laneA_exp1_prompt_vs_steer_issuebench_qwen3-8b,issuebench-sample-258095,prompt_pos,65,74,0.2063,5,0.0794,0,4.406,0,1,0,1,1,0,0
20260926-090514_laneA_exp1_prompt_vs_steer_issuebench_qwen3-8b,issuebench-sample-199040,prompt_pos,112,132,1.0,1,0.0091,0,6.299,0,0,0,0,0,0,1
20260926-090514_laneA_exp1_prompt_vs_steer_issuebench_qwen3-8b,issuebench-sample-440301,prompt_pos,225,281,1.0,1,0.0045,0,4.476,0,0,0,0,0,0,1
20260926-090514_laneA_exp1_prompt_vs_steer_issuebench_qwen3-8b,issuebench-sample-437647,prompt_pos,280,327,0.9784,1,0.0108,0,3.696,0,0,0,0,0,0,1
20260926-090514_laneA_exp1_prompt_vs_steer_issuebench_qwen3-8b,issuebench-sample-356895,prompt_pos,121,157,1.0,1,0.0084,0,3.473,0,0,0,0,0,0,1
20260926-090514_laneA_exp1_prompt_vs_steer_issuebench_qwen3-8b,issuebench-sample-103722,prompt_pos,153,173,0.9669,1,0.0132,0,3.836,0,0,0,0,0,0,1
20260926-090514_laneA_exp1_prompt_vs_steer_issuebench_qwen3-8b,issuebench-sample-482375,prompt_pos,367,512,0.9808,1,0.0055,0,3.923,1,0,0,0,0,0,1
20260926-090514_laneA_exp1_prompt_vs_steer_issuebench_qwen3-8b,issuebench-sample-71773,prompt_pos,443,512,0.8685,1,0.0136,0,3.455,1,0,0,0,0,0,1
20260926-090514_laneA_exp1_prompt_vs_steer_issuebench_qwen3-8b,issuebench-sample-7315,prompt_pos,357,512,0.9915,1,0.0056,0,2.852,1,0,0,0,0,0,1
20260926-090514_laneA_exp1_prompt_vs_steer_issuebench_qwen3-8b,issuebench-sample-375308,prompt_pos,407,512,0.963,1,0.0099,0,3.796,1,0,0,0,0,0,1
20260926-090514_laneA_exp1_prompt_vs_steer_issuebench_qwen3-8b,issuebench-sample-438434,prompt_pos,345,512,0.9708,1,0.0087,0,3.846,1,0,0,0,0,0,1
20260926-090514_laneA_exp1_prompt_vs_steer_issuebench_qwen3-8b,issuebench-sample-358159,prompt_pos,286,343,0.8838,1,0.0211,0,3.045,0,0,0,0,0,0,1
20260926-090514_laneA_exp1_prompt_vs_steer_issuebench_qwen3-8b,issuebench-sample-377767,prompt_pos,416,512,0.9807,1,0.0072,0,3.442,1,0,0,0,0,0,1
20260926-090514_laneA_exp1_prompt_vs_steer_issuebench_qwen3-8b,issuebench-sample-361285,prompt_pos,14,18,1.0,1,0.0833,0,61.645,0,0,0,0,0,1,0
20260926-090514_laneA_exp1_prompt_vs_steer_issuebench_qwen3-8b,issuebench-sample-347246,prompt_pos,440,512,0.9475,1,0.0068,0,3.616,1,0,0,0,0,0,1
20260926-090514_laneA_exp1_prompt_vs_steer_issuebench_qwen3-8b,issuebench-sample-453827,prompt_pos,98,122,0.9896,1,0.0208,0,9.274,0,0,0,0,0,0,1
20260926-090514_laneA_exp1_prompt_vs_steer_issuebench_qwen3-8b,issuebench-sample-609998,prompt_pos,266,317,1.0,1,0.0038,0,4.986,0,0,0,0,0,0,1
20260926-090514_laneA_exp1_prompt_vs_steer_issuebench_qwen3-8b,issuebench-sample-631926,prompt_pos,234,281,0.9828,1,0.0129,0,4.591,0,0,0,0,0,0,1
20260926-090514_laneA_exp1_prompt_vs_steer_issuebench_qwen3-8b,issuebench-sample-401738,prompt_pos,284,370,0.9645,1,0.0071,0,3.579,0,0,0,0,0,0,1
20260926-090514_laneA_exp1_prompt_vs_steer_issuebench_qwen3-8b,issuebench-sample-27409,prompt_pos,365,512,0.9862,1,0.0083,0,3.887,1,0,0,0,0,0,1
20260926-090514_laneA_exp1_prompt_vs_steer_issuebench_qwen3-8b,issuebench-sample-86363,prompt_pos,204,245,0.9851,1,0.0099,0,4.69,0,0,0,0,0,0,1
20260926-090514_laneA_exp1_prompt_vs_steer_issuebench_qwen3-8b,issuebench-sample-526183,prompt_pos,170,207,0.9702,1,0.0119,0,5.839,0,0,0,0,0,0,1
20260926-090514_laneA_exp1_prompt_vs_steer_issuebench_qwen3-8b,issuebench-sample-369558,prompt_pos,85,104,1.0,1,0.012,0,9.594,0,0,0,0,0,0,1
20260926-090514_laneA_exp1_prompt_vs_steer_issuebench_qwen3-8b,issuebench-sample-130025,prompt_pos,192,228,0.9895,1,0.0158,0,4.63,0,0,0,0,0,0,1
20260926-090514_laneA_exp1_prompt_vs_steer_issuebench_qwen3-8b,issuebench-sample-634774,prompt_pos,364,512,0.9613,1,0.0138,0,3.539,1,0,0,0,0,0,1
20260926-090514_laneA_exp1_prompt_vs_steer_issuebench_qwen3-8b,issuebench-sample-364345,prompt_pos,106,137,1.0,1,0.0096,0,6.035,0,0,0,0,0,0,1
20260926-090514_laneA_exp1_prompt_vs_steer_issuebench_qwen3-8b,issuebench-sample-516207,prompt_pos,309,512,0.987,1,0.0065,0,3.058,1,0,0,0,0,0,1
20260926-090514_laneA_exp1_prompt_vs_steer_issuebench_qwen3-8b,issuebench-sample-258329,prompt_pos,91,111,1.0,1,0.0112,0,4.115,0,0,0,0,0,0,1
20260926-090514_laneA_exp1_prompt_vs_steer_issuebench_qwen3-8b,issuebench-sample-394849,prompt_pos,419,512,0.988,1,0.0072,0,3.51,1,0,0,0,0,0,1
20260926-090514_laneA_exp1_prompt_vs_steer_issuebench_qwen3-8b,issuebench-sample-296546,prompt_pos,415,512,0.9927,1,0.0048,0,4.585,1,0,0,0,0,0,1
20260926-090514_laneA_exp1_prompt_vs_steer_issuebench_qwen3-8b,issuebench-sample-35240,prompt_pos,252,293,0.948,1,0.02,0,3.694,0,0,0,0,0,0,1
20260926-090514_laneA_exp1_prompt_vs_steer_issuebench_qwen3-8b,issuebench-sample-193714,prompt_pos,261,389,0.9459,1,0.0116,0,6.265,0,0,0,0,0,0,1
20260926-090514_laneA_exp1_prompt_vs_steer_issuebench_qwen3-8b,issuebench-sample-8855,prompt_pos,426,512,0.9906,1,0.0047,0,3.752,1,0,0,0,0,0,1
20260926-090514_laneA_exp1_prompt_vs_steer_issuebench_qwen3-8b,issuebench-sample-263840,prompt_pos,150,178,1.0,1,0.0068,0,5.103,0,0,0,0,0,0,1
20260926-090514_laneA_exp1_prompt_vs_steer_issuebench_qwen3-8b,issuebench-sample-521375,prompt_pos,118,133,1.0,1,0.0086,0,5.184,0,0,0,0,0,0,1
20260926-090514_laneA_exp1_prompt_vs_steer_issuebench_qwen3-8b,issuebench-sample-485225,prompt_pos,309,355,0.9967,1,0.0065,0,4.253,0,0,0,0,0,0,1
20260926-090514_laneA_exp1_prompt_vs_steer_issuebench_qwen3-8b,issuebench-sample-388605,prompt_pos,389,495,0.9767,1,0.0078,0,2.69,1,0,0,0,0,0,1
20260926-090514_laneA_exp1_prompt_vs_steer_issuebench_qwen3-8b,issuebench-sample-339228,prompt_pos,78,102,0.9868,1,0.0263,0,4.037,0,0,0,0,0,0,1
20260926-090514_laneA_exp1_prompt_vs_steer_issuebench_qwen3-8b,issuebench-sample-566895,prompt_pos,426,512,0.9835,1,0.0071,0,4.088,1,0,0,0,0,0,1
20260926-090514_laneA_exp1_prompt_vs_steer_issuebench_qwen3-8b,issuebench-sample-194644,prompt_pos,404,512,0.9602,1,0.01,0,4.119,1,0,0,0,0,0,1
20260926-090514_laneA_exp1_prompt_vs_steer_issuebench_qwen3-8b,issuebench-sample-312729,prompt_pos,429,512,0.9602,1,0.007,0,3.986,1,0,0,0,0,0,1
20260926-090514_laneA_exp1_prompt_vs_steer_issuebench_qwen3-8b,issuebench-sample-295888,prompt_pos,271,414,0.9703,1,0.0112,0,3.537,0,0,0,0,0,0,1
20260926-090514_laneA_exp1_prompt_vs_steer_issuebench_qwen3-8b,issuebench-sample-249036,prompt_pos,384,466,0.9476,1,0.0105,0,3.181,0,0,0,0,0,0,1
20260926-090514_laneA_exp1_prompt_vs_steer_issuebench_qwen3-8b,issuebench-sample-473106,prompt_pos,124,151,0.9672,1,0.0164,0,5.954,0,0,0,0,0,0,1
20260926-090514_laneA_exp1_prompt_vs_steer_issuebench_qwen3-8b,issuebench-sample-25351,prompt_pos,340,512,0.7041,1,0.0118,0,3.863,1,0,0,0,0,0,1
20260926-090514_laneA_exp1_prompt_vs_steer_issuebench_qwen3-8b,issuebench-sample-591596,prompt_pos,438,512,0.9427,1,0.0092,0,4.053,1,0,0,0,0,0,1
20260926-090514_laneA_exp1_prompt_vs_steer_issuebench_qwen3-8b,issuebench-sample-383960,prompt_pos,396,512,0.9898,1,0.0051,0,3.807,1,0,0,0,0,0,1
20260926-090514_laneA_exp1_prompt_vs_steer_issuebench_qwen3-8b,issuebench-sample-24133,prompt_pos,415,512,0.9758,1,0.0073,0,3.31,1,0,0,0,0,0,1
20260926-090514_laneA_exp1_prompt_vs_steer_issuebench_qwen3-8b,issuebench-sample-194934,prompt_pos,39,46,1.0,1,0.027,0,11.343,0,0,0,0,0,0,1
20260926-090514_laneA_exp1_prompt_vs_steer_issuebench_qwen3-8b,issuebench-sample-278436,prompt_pos,412,512,0.9756,1,0.0098,0,3.952,1,0,0,0,0,0,1
20260926-090514_laneA_exp1_prompt_vs_steer_issuebench_qwen3-8b,issuebench-sample-153970,prompt_pos,398,512,0.9672,1,0.0051,0,4.074,1,0,0,0,0,0,1
20260926-090514_laneA_exp1_prompt_vs_steer_issuebench_qwen3-8b,issuebench-sample-467113,prompt_pos,399,512,0.9824,1,0.0076,0,3.367,1,0,0,0,0,0,1
20260926-090514_laneA_exp1_prompt_vs_steer_issuebench_qwen3-8b,issuebench-sample-632326,prompt_pos,112,137,0.9909,1,0.0182,0,6.559,0,0,0,0,0,0,1
20260926-090514_laneA_exp1_prompt_vs_steer_issuebench_qwen3-8b,issuebench-sample-609745,prompt_pos,388,512,0.9922,1,0.0078,0,3.802,1,0,0,0,0,0,1
20260926-090514_laneA_exp1_prompt_vs_steer_issuebench_qwen3-8b,issuebench-sample-567597,prompt_pos,317,466,0.9619,1,0.0127,0,3.273,0,0,0,0,0,0,1
20260926-090514_laneA_exp1_prompt_vs_steer_issuebench_qwen3-8b,issuebench-sample-554044,prompt_pos,392,512,0.9667,1,0.0051,0,2.726,1,0,0,0,0,0,1
20260926-090514_laneA_exp1_prompt_vs_steer_issuebench_qwen3-8b,issuebench-sample-518857,prompt_pos,195,229,1.0,1,0.0052,0,6.122,0,0,0,0,0,0,1
20260926-090514_laneA_exp1_prompt_vs_steer_issuebench_qwen3-8b,issuebench-sample-60142,prompt_pos,359,444,0.9888,1,0.0056,0,4.4,0,0,0,0,0,0,1
20260926-090514_laneA_exp1_prompt_vs_steer_issuebench_qwen3-8b,issuebench-sample-370658,prompt_pos,433,512,0.9536,1,0.007,0,3.619,1,0,0,0,0,0,1
20260926-090514_laneA_exp1_prompt_vs_steer_issuebench_qwen3-8b,issuebench-sample-604379,prompt_pos,425,512,0.9598,1,0.0071,0,2.931,1,0,0,0,0,0,1
20260926-090514_laneA_exp1_prompt_vs_steer_issuebench_qwen3-8b,issuebench-sample-144658,prompt_pos,174,206,0.9942,1,0.0116,0,3.676,0,0,0,0,0,0,1
20260926-090514_laneA_exp1_prompt_vs_steer_issuebench_qwen3-8b,issuebench-sample-408789,prompt_pos,247,328,0.9796,1,0.0122,0,6.969,0,0,0,0,0,0,1
20260926-090514_laneA_exp1_prompt_vs_steer_issuebench_qwen3-8b,issuebench-sample-463850,prompt_pos,324,370,0.9814,1,0.0062,0,3.388,0,0,0,0,0,0,1
20260926-090514_laneA_exp1_prompt_vs_steer_issuebench_qwen3-8b,issuebench-sample-539043,prompt_pos,397,512,0.9646,1,0.0076,0,4.309,1,0,0,0,0,0,1
20260926-090514_laneA_exp1_prompt_vs_steer_issuebench_qwen3-8b,issuebench-sample-386525,prompt_pos,170,208,0.9881,1,0.0119,0,5.437,0,0,0,0,0,0,1
20260926-090514_laneA_exp1_prompt_vs_steer_issuebench_qwen3-8b,issuebench-sample-295832,prompt_pos,281,416,0.9247,1,0.0143,0,4.177,0,0,0,0,0,0,1
20260926-090514_laneA_exp1_prompt_vs_steer_issuebench_qwen3-8b,issuebench-sample-348827,prompt_pos,63,73,1.0,1,0.0164,0,7.691,0,0,0,0,0,0,1
20260926-090514_laneA_exp1_prompt_vs_steer_issuebench_qwen3-8b,issuebench-sample-75097,prompt_pos,358,512,0.8764,1,0.0084,0,2.251,1,0,0,0,0,0,1
20260926-090514_laneA_exp1_prompt_vs_steer_issuebench_qwen3-8b,issuebench-sample-116340,prompt_pos,316,378,0.9904,1,0.0064,0,5.313,0,0,0,0,0,0,1
20260926-090514_laneA_exp1_prompt_vs_steer_issuebench_qwen3-8b,issuebench-sample-594336,prompt_pos,419,512,0.9544,1,0.0072,0,3.381,1,0,0,0,0,0,1
20260926-090514_laneA_exp1_prompt_vs_steer_issuebench_qwen3-8b,issuebench-sample-385637,prompt_pos,432,512,0.9674,1,0.007,0,2.984,1,0,0,0,0,0,1
20260926-090514_laneA_exp1_prompt_vs_steer_issuebench_qwen3-8b,issuebench-sample-333381,prompt_pos,111,127,1.0,1,0.0092,0,5.351,0,0,0,0,0,0,1
20260926-090514_laneA_exp1_prompt_vs_steer_issuebench_qwen3-8b,issuebench-sample-243482,prompt_pos,311,384,0.9741,1,0.0129,0,3.196,0,0,0,0,0,0,1
20260926-090514_laneA_exp1_prompt_vs_steer_issuebench_qwen3-8b,issuebench-sample-503748,prompt_pos,428,512,0.9413,1,0.0117,0,2.638,1,0,0,0,0,0,1
20260926-090514_laneA_exp1_prompt_vs_steer_issuebench_qwen3-8b,issuebench-sample-522099,prompt_pos,13,16,1.0,1,0.0909,0,63.068,0,0,0,0,0,1,0
20260926-090514_laneA_exp1_prompt_vs_steer_issuebench_qwen3-8b,issuebench-sample-606016,prompt_pos,87,130,0.9882,1,0.0235,0,18.565,0,0,0,0,0,1,0
20260926-090514_laneA_exp1_prompt_vs_steer_issuebench_qwen3-8b,issuebench-sample-368130,prompt_pos,362,512,0.9694,1,0.0111,0,3.032,1,0,0,0,0,0,1
20260926-090514_laneA_exp1_prompt_vs_steer_issuebench_qwen3-8b,issuebench-sample-359302,prompt_pos,430,512,0.9206,1,0.014,0,3.024,1,0,0,0,0,0,1
20260926-090514_laneA_exp1_prompt_vs_steer_issuebench_qwen3-8b,issuebench-sample-610726,prompt_pos,124,145,1.0,1,0.0082,0,4.166,0,0,0,0,0,0,1
20260926-090514_laneA_exp1_prompt_vs_steer_issuebench_qwen3-8b,issuebench-sample-519816,prompt_pos,431,512,0.965,1,0.0093,0,3.31,1,0,0,0,0,0,1
20260926-090514_laneA_exp1_prompt_vs_steer_issuebench_qwen3-8b,issuebench-sample-565963,prompt_pos,84,100,1.0,1,0.0122,0,6.115,0,0,0,0,0,0,1
20260926-090514_laneA_exp1_prompt_vs_steer_issuebench_qwen3-8b,issuebench-sample-559862,prompt_pos,118,172,1.0,1,0.0086,0,4.553,0,0,0,0,0,0,1
20260926-090514_laneA_exp1_prompt_vs_steer_issuebench_qwen3-8b,issuebench-sample-371868,prompt_pos,388,512,0.987,1,0.0052,0,3.884,1,0,0,0,0,0,1
20260926-090514_laneA_exp1_prompt_vs_steer_issuebench_qwen3-8b,issuebench-sample-434633,prompt_pos,52,61,1.0,1,0.02,0,12.142,0,0,0,0,0,0,1
20260926-090514_laneA_exp1_prompt_vs_steer_issuebench_qwen3-8b,issuebench-sample-160362,prompt_pos,150,176,0.9932,1,0.0135,0,6.071,0,0,0,0,0,0,1
20260926-090514_laneA_exp1_prompt_vs_steer_issuebench_qwen3-8b,issuebench-sample-387918,prompt_pos,424,510,0.981,1,0.0071,0,3.462,1,0,0,0,0,0,1
20260926-090514_laneA_exp1_prompt_vs_steer_issuebench_qwen3-8b,issuebench-sample-306662,prompt_pos,319,383,0.9653,1,0.0095,0,4.168,0,0,0,0,0,0,1
20260926-090514_laneA_exp1_prompt_vs_steer_issuebench_qwen3-8b,issuebench-sample-96199,prompt_pos,349,512,0.9856,1,0.0086,0,3.922,1,0,0,0,0,0,1
20260926-090514_laneA_exp1_prompt_vs_steer_issuebench_qwen3-8b,issuebench-sample-114786,prompt_pos,429,512,0.9602,1,0.0117,0,3.036,1,0,0,0,0,0,1
20260926-090514_laneA_exp1_prompt_vs_steer_issuebench_qwen3-8b,issuebench-sample-613959,prompt_pos,41,51,1.0,1,0.0256,0,7.127,0,0,0,0,0,0,1
20260926-090514_laneA_exp1_prompt_vs_steer_issuebench_qwen3-8b,issuebench-sample-598529,prompt_pos,270,328,0.9776,1,0.0112,0,4.274,0,0,0,0,0,0,1
20260926-090514_laneA_exp1_prompt_vs_steer_issuebench_qwen3-8b,issuebench-sample-498994,prompt_pos,442,512,0.9591,1,0.0045,0,2.698,1,0,0,0,0,0,1
20260926-090514_laneA_exp1_prompt_vs_steer_issuebench_qwen3-8b,issuebench-sample-328370,prompt_pos,408,512,0.9606,1,0.0172,0,3.007,1,0,0,0,0,0,1
20260926-090514_laneA_exp1_prompt_vs_steer_issuebench_qwen3-8b,issuebench-sample-249766,prompt_pos,424,512,0.9834,1,0.0047,0,3.281,1,0,0,0,0,0,1
20260926-090514_laneA_exp1_prompt_vs_steer_issuebench_qwen3-8b,issuebench-sample-203626,prompt_pos,35,43,1.0,1,0.0303,0,19.876,0,0,0,0,0,1,0
20260926-090514_laneA_exp1_prompt_vs_steer_issuebench_qwen3-8b,issuebench-sample-176059,prompt_pos,140,172,0.9203,1,0.029,0,5.259,0,0,0,0,0,0,1
20260926-090514_laneA_exp1_prompt_vs_steer_issuebench_qwen3-8b,issuebench-sample-519176,prompt_pos,276,328,0.9854,1,0.0073,0,3.81,0,0,0,0,0,0,1
20260926-090514_laneA_exp1_prompt_vs_steer_issuebench_qwen3-8b,issuebench-sample-30179,prompt_pos,376,512,0.9412,1,0.008,0,2.4,1,0,0,0,0,0,1
20260926-090514_laneA_exp1_prompt_vs_steer_issuebench_qwen3-8b,issuebench-sample-19539,prompt_pos,434,512,0.9653,1,0.0046,0,3.322,1,0,0,0,0,0,1
20260926-090514_laneA_exp1_prompt_vs_steer_issuebench_qwen3-8b,issuebench-sample-175920,prompt_pos,237,300,0.9447,1,0.0128,0,3.99,0,0,0,0,0,0,1
20260926-090514_laneA_exp1_prompt_vs_steer_issuebench_qwen3-8b,issuebench-sample-53947,prompt_pos,414,512,0.9806,1,0.0073,0,3.799,1,0,0,0,0,0,1
20260926-090514_laneA_exp1_prompt_vs_steer_issuebench_qwen3-8b,issuebench-sample-594939,prompt_pos,437,512,0.9172,1,0.0115,0,3.252,1,0,0,0,0,0,1
20260926-090514_laneA_exp1_prompt_vs_steer_issuebench_qwen3-8b,issuebench-sample-245958,prompt_pos,436,512,0.9654,1,0.0069,0,3.001,1,0,0,0,0,0,1
20260926-090514_laneA_exp1_prompt_vs_steer_issuebench_qwen3-8b,issuebench-sample-265924,prompt_pos,334,512,0.8855,1,0.012,0,1.855,1,0,0,0,0,0,1
20260926-090514_laneA_exp1_prompt_vs_steer_issuebench_qwen3-8b,issuebench-sample-205406,prompt_pos,97,138,0.8316,1,0.0947,0,3.463,0,0,0,0,0,0,1
20260926-090514_laneA_exp1_prompt_vs_steer_issuebench_qwen3-8b,issuebench-sample-273875,prompt_pos,428,512,0.9296,1,0.0094,0,3.235,1,0,0,0,0,0,1
20260926-090514_laneA_exp1_prompt_vs_steer_issuebench_qwen3-8b,issuebench-sample-48996,prompt_pos,9,10,1.0,1,0.1429,0,171.999,0,0,0,0,0,1,0
20260926-090514_laneA_exp1_prompt_vs_steer_issuebench_qwen3-8b,issuebench-sample-302662,prompt_pos,365,455,0.9587,1,0.0055,0,3.886,0,0,0,0,0,0,1
20260926-090514_laneA_exp1_prompt_vs_steer_issuebench_qwen3-8b,issuebench-sample-486783,prompt_pos,394,508,0.9439,1,0.0102,0,3.974,1,0,0,0,0,0,1
20260926-090514_laneA_exp1_prompt_vs_steer_issuebench_qwen3-8b,issuebench-sample-471632,prompt_pos,433,512,0.9722,1,0.0093,0,3.747,1,0,0,0,0,0,1
20260926-090514_laneA_exp1_prompt_vs_steer_issuebench_qwen3-8b,issuebench-sample-409224,prompt_pos,352,512,0.78,1,0.0114,0,3.569,1,0,0,0,0,0,1
20260926-090514_laneA_exp1_prompt_vs_steer_issuebench_qwen3-8b,issuebench-sample-61943,prompt_pos,438,512,0.9748,1,0.0046,0,4.288,1,0,0,0,0,0,1
20260926-090514_laneA_exp1_prompt_vs_steer_issuebench_qwen3-8b,issuebench-sample-76239,prompt_pos,287,359,0.9789,1,0.0105,0,3.98,0,0,0,0,0,0,1
20260926-090514_laneA_exp1_prompt_vs_steer_issuebench_qwen3-8b,issuebench-sample-518174,prompt_pos,389,512,0.9871,1,0.0052,0,3.871,1,0,0,0,0,0,1
20260926-090514_laneA_exp1_prompt_vs_steer_issuebench_qwen3-8b,issuebench-sample-134785,prompt_pos,423,512,0.9359,1,0.0119,0,2.983,1,0,0,0,0,0,1
20260926-090514_laneA_exp1_prompt_vs_steer_issuebench_qwen3-8b,issuebench-sample-57904,prompt_pos,417,512,0.9494,1,0.012,0,2.769,1,0,0,0,0,0,1
20260926-090514_laneA_exp1_prompt_vs_steer_issuebench_qwen3-8b,issuebench-sample-417246,prompt_pos,332,512,0.997,1,0.0061,0,2.096,1,0,0,0,0,0,1
20260926-090514_laneA_exp1_prompt_vs_steer_issuebench_qwen3-8b,issuebench-sample-220242,prompt_pos,419,512,0.9856,1,0.0072,0,3.585,1,0,0,0,0,0,1
20260926-090514_laneA_exp1_prompt_vs_steer_issuebench_qwen3-8b,issuebench-sample-478381,prompt_pos,366,512,0.9615,1,0.0192,0,3.608,1,0,0,0,0,0,1
20260926-090514_laneA_exp1_prompt_vs_steer_issuebench_qwen3-8b,issuebench-sample-513365,prompt_pos,264,319,0.9924,1,0.0076,0,2.76,0,0,0,0,0,0,1
20260926-090514_laneA_exp1_prompt_vs_steer_issuebench_qwen3-8b,issuebench-sample-157326,prompt_pos,205,258,1.0,1,0.0049,0,3.888,0,0,0,0,0,0,1
20260926-090514_laneA_exp1_prompt_vs_steer_issuebench_qwen3-8b,issuebench-sample-458503,prompt_pos,435,512,0.9538,1,0.0092,0,3.02,1,0,0,0,0,0,1
20260926-090514_laneA_exp1_prompt_vs_steer_issuebench_qwen3-8b,issuebench-sample-378853,prompt_pos,322,492,0.9688,1,0.0156,0,4.098,1,0,0,0,0,0,1
20260926-090514_laneA_exp1_prompt_vs_steer_issuebench_qwen3-8b,issuebench-sample-10693,prompt_pos,225,273,1.0,1,0.0045,0,3.711,0,0,0,0,0,0,1
20260926-090514_laneA_exp1_prompt_vs_steer_issuebench_qwen3-8b,issuebench-sample-195853,prompt_pos,219,260,0.977,1,0.0092,0,5.483,0,0,0,0,0,0,1
20260926-090514_laneA_exp1_prompt_vs_steer_issuebench_qwen3-8b,issuebench-sample-303525,prompt_pos,106,126,1.0,1,0.0096,0,5.535,0,0,0,0,0,0,1
20260926-090514_laneA_exp1_prompt_vs_steer_issuebench_qwen3-8b,issuebench-sample-148396,prompt_pos,440,512,0.9703,1,0.0068,0,3.294,1,0,0,0,0,0,1
20260926-090514_laneA_exp1_prompt_vs_steer_issuebench_qwen3-8b,issuebench-sample-433897,prompt_pos,404,512,0.9851,1,0.005,0,3.134,1,0,0,0,0,0,1
20260926-090514_laneA_exp1_prompt_vs_steer_issuebench_qwen3-8b,issuebench-sample-292353,prompt_pos,361,418,0.9582,1,0.0167,0,4.141,0,0,0,0,0,0,1
20260926-090514_laneA_exp1_prompt_vs_steer_issuebench_qwen3-8b,issuebench-sample-124301,prompt_pos,88,106,0.9884,1,0.0233,0,5.351,0,0,0,0,0,0,1
20260926-090514_laneA_exp1_prompt_vs_steer_issuebench_qwen3-8b,issuebench-sample-574314,prompt_pos,448,512,0.991,1,0.0045,0,2.804,1,0,0,0,0,0,1
20260926-090514_laneA_exp1_prompt_vs_steer_issuebench_qwen3-8b,issuebench-sample-612923,prompt_pos,333,401,0.9426,1,0.0091,0,4.074,0,0,0,0,0,0,1
20260926-090514_laneA_exp1_prompt_vs_steer_issuebench_qwen3-8b,issuebench-sample-155128,prompt_pos,193,225,0.9686,1,0.0157,0,4.31,0,0,0,0,0,0,1
20260926-090514_laneA_exp1_prompt_vs_steer_issuebench_qwen3-8b,issuebench-sample-28299,prompt_pos,358,512,0.9607,1,0.0112,0,2.984,1,0,0,0,0,0,1
20260926-090514_laneA_exp1_prompt_vs_steer_issuebench_qwen3-8b,issuebench-sample-75580,prompt_pos,363,512,0.9584,1,0.0083,0,2.886,1,0,0,0,0,0,1
20260926-090514_laneA_exp1_prompt_vs_steer_issuebench_qwen3-8b,issuebench-sample-295825,prompt_pos,329,483,0.9878,1,0.0061,0,4.718,0,0,0,0,0,0,1
20260926-090514_laneA_exp1_prompt_vs_steer_issuebench_qwen3-8b,issuebench-sample-62227,prompt_pos,428,512,0.9859,1,0.0047,0,3.356,1,0,0,0,0,0,1
20260926-090514_laneA_exp1_prompt_vs_steer_issuebench_qwen3-8b,issuebench-sample-374359,prompt_pos,380,512,0.9577,1,0.0106,0,2.893,1,0,0,0,0,0,1
20260926-090514_laneA_exp1_prompt_vs_steer_issuebench_qwen3-8b,issuebench-sample-161255,prompt_pos,248,294,0.9797,1,0.0163,0,4.714,0,0,0,0,0,0,1
20260926-090514_laneA_exp1_prompt_vs_steer_issuebench_qwen3-8b,issuebench-sample-396757,prompt_pos,201,287,1.0,1,0.005,0,6.941,0,0,0,0,0,0,1
20260926-090514_laneA_exp1_prompt_vs_steer_issuebench_qwen3-8b,issuebench-sample-199979,prompt_pos,419,512,0.988,1,0.0072,0,3.115,1,0,0,0,0,0,1
20260926-090514_laneA_exp1_prompt_vs_steer_issuebench_qwen3-8b,issuebench-sample-583606,prompt_pos,434,512,0.9676,1,0.0069,0,2.921,1,0,0,0,0,0,1
20260926-090514_laneA_exp1_prompt_vs_steer_issuebench_qwen3-8b,issuebench-sample-579325,prompt_pos,251,295,0.9076,1,0.0201,0,4.584,0,0,0,0,0,0,1
20260926-090514_laneA_exp1_prompt_vs_steer_issuebench_qwen3-8b,issuebench-sample-169935,prompt_pos,103,118,1.0,1,0.0099,0,5.013,0,0,0,0,0,0,1
20260926-090514_laneA_exp1_prompt_vs_steer_issuebench_qwen3-8b,issuebench-sample-354662,prompt_pos,87,100,1.0,1,0.0118,0,5.601,0,0,0,0,0,0,1
20260926-090514_laneA_exp1_prompt_vs_steer_issuebench_qwen3-8b,issuebench-sample-413527,prompt_pos,57,80,1.0,1,0.0182,0,8.682,0,0,0,0,0,0,1
20260926-090514_laneA_exp1_prompt_vs_steer_issuebench_qwen3-8b,issuebench-sample-291217,prompt_pos,188,221,0.9892,1,0.0108,0,5.313,0,0,0,0,0,0,1
20260926-090514_laneA_exp1_prompt_vs_steer_issuebench_qwen3-8b,issuebench-sample-429961,prompt_pos,400,512,0.9799,1,0.0101,0,2.664,1,0,0,0,0,0,1
20260926-090514_laneA_exp1_prompt_vs_steer_issuebench_qwen3-8b,issuebench-sample-314991,prompt_pos,412,512,0.9927,1,0.0073,0,4.241,1,0,0,0,0,0,1
20260926-090514_laneA_exp1_prompt_vs_steer_issuebench_qwen3-8b,issuebench-sample-314368,prompt_pos,346,512,0.9622,1,0.0087,0,2.842,1,0,0,0,0,0,1
20260926-090514_laneA_exp1_prompt_vs_steer_issuebench_qwen3-8b,issuebench-sample-560109,prompt_pos,77,100,1.0,1,0.0133,0,5.815,0,0,0,0,0,0,1
20260926-090514_laneA_exp1_prompt_vs_steer_issuebench_qwen3-8b,issuebench-sample-515381,prompt_pos,99,113,1.0,1,0.0103,0,4.847,0,0,0,0,0,0,1
20260926-090514_laneA_exp1_prompt_vs_steer_issuebench_qwen3-8b,issuebench-sample-543212,prompt_pos,396,512,0.9873,1,0.0076,0,2.563,1,0,0,0,0,0,1
20260926-090514_laneA_exp1_prompt_vs_steer_issuebench_qwen3-8b,issuebench-sample-253224,prompt_pos,432,512,0.9953,1,0.0047,0,3.676,1,0,0,0,0,0,1
20260926-090514_laneA_exp1_prompt_vs_steer_issuebench_qwen3-8b,issuebench-sample-286724,prompt_pos,177,223,0.9886,1,0.0114,0,3.676,0,0,0,0,0,0,1
20260926-090514_laneA_exp1_prompt_vs_steer_issuebench_qwen3-8b,issuebench-sample-560892,prompt_pos,214,335,0.9953,1,0.0094,0,5.901,0,0,0,0,0,0,1
20260926-090514_laneA_exp1_prompt_vs_steer_issuebench_qwen3-8b,issuebench-sample-395138,prompt_pos,396,512,0.9822,1,0.0076,0,3.116,1,0,0,0,0,0,1
20260926-090514_laneA_exp1_prompt_vs_steer_issuebench_qwen3-8b,issuebench-sample-382202,prompt_pos,424,512,0.9834,1,0.0071,0,3.616,1,0,0,0,0,0,1
20260926-090514_laneA_exp1_prompt_vs_steer_issuebench_qwen3-8b,issuebench-sample-368369,prompt_pos,403,512,0.9676,1,0.0075,0,3.927,1,0,0,0,0,0,1
20260926-090514_laneA_exp1_prompt_vs_steer_issuebench_qwen3-8b,issuebench-sample-460538,prompt_pos,140,197,1.0,1,0.0072,0,6.223,0,0,0,0,0,0,1
20260926-090514_laneA_exp1_prompt_vs_steer_issuebench_qwen3-8b,issuebench-sample-13380,prompt_pos,333,512,0.9728,1,0.0091,0,2.596,1,0,0,0,0,0,1
20260926-090514_laneA_exp1_prompt_vs_steer_issuebench_qwen3-8b,issuebench-sample-525105,prompt_pos,448,512,0.8475,1,0.0179,0,2.869,1,0,0,0,0,0,1
20260926-090514_laneA_exp1_prompt_vs_steer_issuebench_qwen3-8b,issuebench-sample-225027,prompt_pos,228,275,0.9956,1,0.0088,0,4.487,0,0,0,0,0,0,1
20260926-090514_laneA_exp1_prompt_vs_steer_issuebench_qwen3-8b,issuebench-sample-198663,prompt_pos,102,124,0.99,1,0.02,0,5.537,0,0,0,0,0,0,1
20260926-090514_laneA_exp1_prompt_vs_steer_issuebench_qwen3-8b,issuebench-sample-82509,prompt_pos,187,231,0.9676,1,0.0216,0,4.18,0,0,0,0,0,0,1
20260926-090514_laneA_exp1_prompt_vs_steer_issuebench_qwen3-8b,issuebench-sample-133858,prompt_pos,407,512,0.9704,1,0.0099,0,3.604,1,0,0,0,0,0,1
20260926-090514_laneA_exp1_prompt_vs_steer_issuebench_qwen3-8b,issuebench-sample-570841,prompt_pos,303,395,0.9701,1,0.0066,0,3.055,0,0,0,0,0,0,1
20260926-090514_laneA_exp1_prompt_vs_steer_issuebench_qwen3-8b,issuebench-sample-298790,prompt_pos,66,86,1.0,1,0.0156,0,10.56,0,0,0,0,0,0,1
20260926-090514_laneA_exp1_prompt_vs_steer_issuebench_qwen3-8b,issuebench-sample-104567,prompt_pos,213,269,0.9763,1,0.0095,0,7.73,0,0,0,0,0,0,1
20260926-090514_laneA_exp1_prompt_vs_steer_issuebench_qwen3-8b,issuebench-sample-375196,prompt_pos,251,351,0.9839,1,0.012,0,8.893,0,0,0,0,0,0,1
20260926-090514_laneA_exp1_prompt_vs_steer_issuebench_qwen3-8b,issuebench-sample-49509,prompt_pos,76,90,1.0,1,0.0135,0,6.3,0,0,0,0,0,0,1
20260926-090514_laneA_exp1_prompt_vs_steer_issuebench_qwen3-8b,issuebench-sample-480919,prompt_pos,359,423,0.9748,1,0.0056,0,3.857,0,0,0,0,0,0,1
20260926-090514_laneA_exp1_prompt_vs_steer_issuebench_qwen3-8b,issuebench-sample-364784,prompt_pos,287,334,0.8912,1,0.014,0,4.372,0,0,0,0,0,0,1
20260926-090514_laneA_exp1_prompt_vs_steer_issuebench_qwen3-8b,issuebench-sample-404062,prompt_pos,385,512,0.9582,1,0.0078,0,3.177,1,0,0,0,0,0,1
20260926-090514_laneA_exp1_prompt_vs_steer_issuebench_qwen3-8b,issuebench-sample-36734,prompt_pos,375,512,0.9732,1,0.008,0,2.996,1,0,0,0,0,0,1
20260926-090514_laneA_exp1_prompt_vs_steer_issuebench_qwen3-8b,issuebench-sample-51660,prompt_pos,399,512,0.9924,1,0.0076,0,2.67,1,0,0,0,0,0,1
20260926-090514_laneA_exp1_prompt_vs_steer_issuebench_qwen3-8b,issuebench-sample-611680,prompt_pos,295,368,0.9898,1,0.0068,0,5.153,0,0,0,0,0,0,1
20260926-090514_laneA_exp1_prompt_vs_steer_issuebench_qwen3-8b,issuebench-sample-133847,prompt_pos,389,512,0.9664,1,0.0052,0,3.27,1,0,0,0,0,0,1
20260926-090514_laneA_exp1_prompt_vs_steer_issuebench_qwen3-8b,issuebench-sample-132182,prompt_pos,24,30,1.0,1,0.0455,0,7.983,0,0,0,0,0,0,1
20260926-090514_laneA_exp1_prompt_vs_steer_issuebench_qwen3-8b,issuebench-sample-443402,prompt_pos,405,512,0.9578,1,0.0124,0,3.368,1,0,0,0,0,0,1
20260926-090514_laneA_exp1_prompt_vs_steer_issuebench_qwen3-8b,issuebench-sample-283916,prompt_pos,430,512,0.9626,1,0.007,0,3.539,1,0,0,0,0,0,1
20260926-090514_laneA_exp1_prompt_vs_steer_issuebench_qwen3-8b,issuebench-sample-597900,prompt_pos,405,512,0.8139,1,0.0149,0,3.569,1,0,0,0,0,0,1
20260926-090514_laneA_exp1_prompt_vs_steer_issuebench_qwen3-8b,issuebench-sample-301402,prompt_pos,93,117,1.0,1,0.011,0,8.862,0,0,0,0,0,0,1
20260926-090514_laneA_exp1_prompt_vs_steer_issuebench_qwen3-8b,issuebench-sample-289722,prompt_pos,67,78,1.0,1,0.0154,0,5.69,0,0,0,0,0,0,1
20260926-090514_laneA_exp1_prompt_vs_steer_issuebench_qwen3-8b,issuebench-sample-601385,prompt_pos,445,512,0.9458,1,0.009,0,3.265,1,0,0,0,0,0,1
20260926-090514_laneA_exp1_prompt_vs_steer_issuebench_qwen3-8b,issuebench-sample-608450,prompt_pos,430,512,0.9556,1,0.0093,0,3.015,1,0,0,0,0,0,1
20260926-090514_laneA_exp1_prompt_vs_steer_issuebench_qwen3-8b,issuebench-sample-614224,prompt_pos,71,90,1.0,1,0.0145,0,5.437,0,0,0,0,0,0,1
20260926-090514_laneA_exp1_prompt_vs_steer_issuebench_qwen3-8b,issuebench-sample-193885,prompt_pos,322,451,0.8969,1,0.0156,0,4.986,0,0,0,0,0,0,1
20260926-090514_laneA_exp1_prompt_vs_steer_issuebench_qwen3-8b,issuebench-sample-523662,prompt_pos,194,237,1.0,1,0.0052,0,4.168,0,0,0,0,0,0,1
20260926-090514_laneA_exp1_prompt_vs_steer_issuebench_qwen3-8b,issuebench-sample-198788,prompt_pos,122,141,1.0,1,0.0083,0,5.388,0,0,0,0,0,0,1
20260926-090514_laneA_exp1_prompt_vs_steer_issuebench_qwen3-8b,issuebench-sample-24672,prompt_pos,406,512,0.9901,1,0.005,0,4.754,1,0,0,0,0,0,1
20260926-090514_laneA_exp1_prompt_vs_steer_issuebench_qwen3-8b,issuebench-sample-354968,prompt_pos,95,112,1.0,1,0.0108,0,5.014,0,0,0,0,0,0,1
20260926-090514_laneA_exp1_prompt_vs_steer_issuebench_qwen3-8b,issuebench-sample-426506,prompt_pos,303,365,0.9867,1,0.0066,0,3.83,0,0,0,0,0,0,1
20260926-090514_laneA_exp1_prompt_vs_steer_issuebench_qwen3-8b,issuebench-sample-548473,prompt_pos,311,512,0.8932,1,0.0162,0,2.045,1,0,0,0,0,0,1
20260926-090514_laneA_exp1_prompt_vs_steer_issuebench_qwen3-8b,issuebench-sample-489503,steered_neg,107,127,0.9619,1,0.019,0,7.03,0,0,0,0,0,0,1
20260926-090514_laneA_exp1_prompt_vs_steer_issuebench_qwen3-8b,issuebench-sample-518707,steered_neg,120,141,1.0,1,0.0085,0,8.813,0,0,0,0,0,0,1
20260926-090514_laneA_exp1_prompt_vs_steer_issuebench_qwen3-8b,issuebench-sample-435000,steered_neg,470,512,0.3568,1,0.0363,0,2.148,1,1,0,1,0,0,0
20260926-090514_laneA_exp1_prompt_vs_steer_issuebench_qwen3-8b,issuebench-sample-390672,steered_neg,140,180,0.942,1,0.0217,0,7.068,0,0,0,0,0,0,1
20260926-090514_laneA_exp1_prompt_vs_steer_issuebench_qwen3-8b,issuebench-sample-234820,steered_neg,89,111,0.954,1,0.0345,0,7.44,0,0,0,0,0,0,1
20260926-090514_laneA_exp1_prompt_vs_steer_issuebench_qwen3-8b,issuebench-sample-373694,steered_neg,125,151,0.9675,1,0.0163,0,6.28,0,0,0,0,0,0,1
20260926-090514_laneA_exp1_prompt_vs_steer_issuebench_qwen3-8b,issuebench-sample-258095,steered_neg,90,114,0.9886,1,0.0227,0,15.692,0,0,0,0,0,1,0
20260926-090514_laneA_exp1_prompt_vs_steer_issuebench_qwen3-8b,issuebench-sample-199040,steered_neg,91,107,0.9775,1,0.0225,0,6.355,0,0,0,0,0,0,1
20260926-090514_laneA_exp1_prompt_vs_steer_issuebench_qwen3-8b,issuebench-sample-440301,steered_neg,163,182,0.9814,1,0.0186,0,7.816,0,0,0,0,0,0,1
20260926-090514_laneA_exp1_prompt_vs_steer_issuebench_qwen3-8b,issuebench-sample-437647,steered_neg,103,121,0.9703,1,0.0297,0,7.231,0,0,0,0,0,0,1
20260926-090514_laneA_exp1_prompt_vs_steer_issuebench_qwen3-8b,issuebench-sample-356895,steered_neg,148,183,0.863,1,0.0205,0,6.923,0,0,0,0,0,0,1
20260926-090514_laneA_exp1_prompt_vs_steer_issuebench_qwen3-8b,issuebench-sample-103722,steered_neg,86,108,1.0,1,0.0119,0,5.941,0,0,0,0,0,0,1
20260926-090514_laneA_exp1_prompt_vs_steer_issuebench_qwen3-8b,issuebench-sample-482375,steered_neg,104,137,0.951,1,0.0196,0,11.169,0,0,0,0,0,0,1
20260926-090514_laneA_exp1_prompt_vs_steer_issuebench_qwen3-8b,issuebench-sample-71773,steered_neg,125,148,0.9106,1,0.0244,0,8.433,0,0,0,0,0,0,1
20260926-090514_laneA_exp1_prompt_vs_steer_issuebench_qwen3-8b,issuebench-sample-7315,steered_neg,380,512,0.8042,1,0.0159,0,3.695,1,0,0,0,0,0,1
20260926-090514_laneA_exp1_prompt_vs_steer_issuebench_qwen3-8b,issuebench-sample-375308,steered_neg,237,293,0.9489,1,0.017,0,6.66,0,0,0,0,0,0,1
20260926-090514_laneA_exp1_prompt_vs_steer_issuebench_qwen3-8b,issuebench-sample-438434,steered_neg,342,512,0.2618,9,0.0588,0,1.809,1,1,0,1,1,0,0
20260926-090514_laneA_exp1_prompt_vs_steer_issuebench_qwen3-8b,issuebench-sample-358159,steered_neg,453,512,0.3126,1,0.0488,0,2.065,1,1,0,1,0,0,0
20260926-090514_laneA_exp1_prompt_vs_steer_issuebench_qwen3-8b,issuebench-sample-377767,steered_neg,347,435,0.6812,1,0.0348,0,3.741,0,0,0,0,0,0,1
20260926-090514_laneA_exp1_prompt_vs_steer_issuebench_qwen3-8b,issuebench-sample-361285,steered_neg,52,62,1.0,1,0.02,0,11.058,0,0,0,0,0,0,1
20260926-090514_laneA_exp1_prompt_vs_steer_issuebench_qwen3-8b,issuebench-sample-347246,steered_neg,183,215,0.9945,1,0.011,0,5.98,0,0,0,0,0,0,1
20260926-090514_laneA_exp1_prompt_vs_steer_issuebench_qwen3-8b,issuebench-sample-453827,steered_neg,142,181,0.9786,1,0.0143,0,8.915,0,0,0,0,0,0,1
20260926-090514_laneA_exp1_prompt_vs_steer_issuebench_qwen3-8b,issuebench-sample-609998,steered_neg,431,512,0.4219,1,0.042,0,2.416,1,1,0,1,0,0,0
20260926-090514_laneA_exp1_prompt_vs_steer_issuebench_qwen3-8b,issuebench-sample-631926,steered_neg,163,192,0.9193,1,0.0186,0,5.721,0,0,0,0,0,0,1
20260926-090514_laneA_exp1_prompt_vs_steer_issuebench_qwen3-8b,issuebench-sample-401738,steered_neg,111,143,1.0,1,0.0092,0,9.575,0,0,0,0,0,0,1
20260926-090514_laneA_exp1_prompt_vs_steer_issuebench_qwen3-8b,issuebench-sample-27409,steered_neg,102,122,0.93,1,0.02,0,8.142,0,0,0,0,0,0,1
20260926-090514_laneA_exp1_prompt_vs_steer_issuebench_qwen3-8b,issuebench-sample-86363,steered_neg,177,203,0.8457,1,0.0229,0,7.253,0,0,0,0,0,0,1
20260926-090514_laneA_exp1_prompt_vs_steer_issuebench_qwen3-8b,issuebench-sample-526183,steered_neg,119,145,0.9744,1,0.0256,0,7.68,0,0,0,0,0,0,1
20260926-090514_laneA_exp1_prompt_vs_steer_issuebench_qwen3-8b,issuebench-sample-369558,steered_neg,79,87,1.0,1,0.013,0,11.075,0,0,0,0,0,0,1
20260926-090514_laneA_exp1_prompt_vs_steer_issuebench_qwen3-8b,issuebench-sample-130025,steered_neg,174,205,0.843,1,0.0233,0,5.18,0,0,0,0,0,0,1
20260926-090514_laneA_exp1_prompt_vs_steer_issuebench_qwen3-8b,issuebench-sample-634774,steered_neg,250,325,0.7782,1,0.0161,0,4.882,0,0,0,0,0,0,1
20260926-090514_laneA_exp1_prompt_vs_steer_issuebench_qwen3-8b,issuebench-sample-364345,steered_neg,121,142,0.9664,1,0.0252,0,7.69,0,0,0,0,0,0,1
20260926-090514_laneA_exp1_prompt_vs_steer_issuebench_qwen3-8b,issuebench-sample-516207,steered_neg,386,512,0.4089,1,0.0312,0,2.579,1,1,0,1,0,0,0
20260926-090514_laneA_exp1_prompt_vs_steer_issuebench_qwen3-8b,issuebench-sample-258329,steered_neg,77,93,1.0,1,0.0133,0,7.304,0,0,0,0,0,0,1
20260926-090514_laneA_exp1_prompt_vs_steer_issuebench_qwen3-8b,issuebench-sample-394849,steered_neg,227,278,0.8756,1,0.0178,0,5.429,0,0,0,0,0,0,1
20260926-090514_laneA_exp1_prompt_vs_steer_issuebench_qwen3-8b,issuebench-sample-296546,steered_neg,113,135,0.964,1,0.018,0,8.596,0,0,0,0,0,0,1
20260926-090514_laneA_exp1_prompt_vs_steer_issuebench_qwen3-8b,issuebench-sample-35240,steered_neg,176,227,0.9425,1,0.0172,0,7.105,0,0,0,0,0,0,1
20260926-090514_laneA_exp1_prompt_vs_steer_issuebench_qwen3-8b,issuebench-sample-193714,steered_neg,108,130,0.9906,1,0.0189,0,8.79,0,0,0,0,0,0,1
20260926-090514_laneA_exp1_prompt_vs_steer_issuebench_qwen3-8b,issuebench-sample-8855,steered_neg,279,345,0.7978,1,0.0217,0,4.314,0,0,0,0,0,0,1
20260926-090514_laneA_exp1_prompt_vs_steer_issuebench_qwen3-8b,issuebench-sample-263840,steered_neg,388,512,0.0492,20,0.0544,0,1.234,1,1,0,1,1,0,0
20260926-090514_laneA_exp1_prompt_vs_steer_issuebench_qwen3-8b,issuebench-sample-521375,steered_neg,146,178,0.8889,1,0.0139,0,7.679,0,0,0,0,0,0,1
20260926-090514_laneA_exp1_prompt_vs_steer_issuebench_qwen3-8b,issuebench-sample-485225,steered_neg,119,146,0.9829,1,0.0171,0,7.29,0,0,0,0,0,0,1
20260926-090514_laneA_exp1_prompt_vs_steer_issuebench_qwen3-8b,issuebench-sample-388605,steered_neg,365,511,0.7025,1,0.0275,0,3.719,1,0,0,0,0,0,1
20260926-090514_laneA_exp1_prompt_vs_steer_issuebench_qwen3-8b,issuebench-sample-339228,steered_neg,108,130,0.9528,1,0.0189,0,7.782,0,0,0,0,0,0,1
20260926-090514_laneA_exp1_prompt_vs_steer_issuebench_qwen3-8b,issuebench-sample-566895,steered_neg,202,258,0.835,1,0.025,0,6.471,0,0,0,0,0,0,1
20260926-090514_laneA_exp1_prompt_vs_steer_issuebench_qwen3-8b,issuebench-sample-194644,steered_neg,482,512,0.2562,1,0.0437,0,1.75,1,1,0,1,0,0,0
20260926-090514_laneA_exp1_prompt_vs_steer_issuebench_qwen3-8b,issuebench-sample-312729,steered_neg,459,512,0.2735,1,0.0503,0,2.311,1,1,0,1,0,0,0
20260926-090514_laneA_exp1_prompt_vs_steer_issuebench_qwen3-8b,issuebench-sample-295888,steered_neg,162,227,0.775,1,0.0125,0,7.885,0,0,0,0,0,0,1
20260926-090514_laneA_exp1_prompt_vs_steer_issuebench_qwen3-8b,issuebench-sample-249036,steered_neg,159,219,0.9936,1,0.0127,0,7.048,0,0,0,0,0,0,1
20260926-090514_laneA_exp1_prompt_vs_steer_issuebench_qwen3-8b,issuebench-sample-473106,steered_neg,88,107,0.9651,1,0.0233,0,11.3,0,0,0,0,0,0,1
20260926-090514_laneA_exp1_prompt_vs_steer_issuebench_qwen3-8b,issuebench-sample-25351,steered_neg,133,172,0.8397,1,0.0229,0,6.508,0,0,0,0,0,0,1
20260926-090514_laneA_exp1_prompt_vs_steer_issuebench_qwen3-8b,issuebench-sample-591596,steered_neg,277,320,0.5636,1,0.04,0,3.346,0,1,0,0,0,0,1
20260926-090514_laneA_exp1_prompt_vs_steer_issuebench_qwen3-8b,issuebench-sample-383960,steered_neg,165,192,0.8466,1,0.0184,0,7.32,0,0,0,0,0,0,1
20260926-090514_laneA_exp1_prompt_vs_steer_issuebench_qwen3-8b,issuebench-sample-24133,steered_neg,428,512,0.4789,1,0.0188,0,2.56,1,1,0,1,0,0,0
20260926-090514_laneA_exp1_prompt_vs_steer_issuebench_qwen3-8b,issuebench-sample-194934,steered_neg,128,149,0.9365,1,0.0159,0,7.708,0,0,0,0,0,0,1
20260926-090514_laneA_exp1_prompt_vs_steer_issuebench_qwen3-8b,issuebench-sample-278436,steered_neg,333,428,0.6737,1,0.0151,0,3.815,0,0,0,0,0,0,1
20260926-090514_laneA_exp1_prompt_vs_steer_issuebench_qwen3-8b,issuebench-sample-153970,steered_neg,136,160,0.791,1,0.0149,0,6.2,0,0,0,0,0,0,1
20260926-090514_laneA_exp1_prompt_vs_steer_issuebench_qwen3-8b,issuebench-sample-467113,steered_neg,141,169,0.964,1,0.0216,0,7.861,0,0,0,0,0,0,1
20260926-090514_laneA_exp1_prompt_vs_steer_issuebench_qwen3-8b,issuebench-sample-632326,steered_neg,82,109,1.0,1,0.0125,0,9.541,0,0,0,0,0,0,1
20260926-090514_laneA_exp1_prompt_vs_steer_issuebench_qwen3-8b,issuebench-sample-609745,steered_neg,160,223,0.9747,1,0.0127,0,5.95,0,0,0,0,0,0,1
20260926-090514_laneA_exp1_prompt_vs_steer_issuebench_qwen3-8b,issuebench-sample-567597,steered_neg,406,512,0.6139,1,0.0173,0,3.981,1,0,0,0,0,0,1
20260926-090514_laneA_exp1_prompt_vs_steer_issuebench_qwen3-8b,issuebench-sample-554044,steered_neg,318,395,0.712,1,0.0253,0,4.619,0,0,0,0,0,0,1
20260926-090514_laneA_exp1_prompt_vs_steer_issuebench_qwen3-8b,issuebench-sample-518857,steered_neg,448,512,0.3386,1,0.0336,0,2.142,1,1,0,1,0,0,0
20260926-090514_laneA_exp1_prompt_vs_steer_issuebench_qwen3-8b,issuebench-sample-60142,steered_neg,119,145,0.9744,1,0.0171,0,8.134,0,0,0,0,0,0,1
20260926-090514_laneA_exp1_prompt_vs_steer_issuebench_qwen3-8b,issuebench-sample-370658,steered_neg,181,216,0.838,1,0.0223,0,5.709,0,0,0,0,0,0,1
20260926-090514_laneA_exp1_prompt_vs_steer_issuebench_qwen3-8b,issuebench-sample-604379,steered_neg,115,143,0.8673,1,0.0177,0,6.503,0,0,0,0,0,0,1
20260926-090514_laneA_exp1_prompt_vs_steer_issuebench_qwen3-8b,issuebench-sample-144658,steered_neg,119,137,0.9487,1,0.0171,0,8.211,0,0,0,0,0,0,1
20260926-090514_laneA_exp1_prompt_vs_steer_issuebench_qwen3-8b,issuebench-sample-408789,steered_neg,115,135,0.823,1,0.0265,0,11.045,0,0,0,0,0,0,1
20260926-090514_laneA_exp1_prompt_vs_steer_issuebench_qwen3-8b,issuebench-sample-463850,steered_neg,355,512,0.0935,1,0.0312,0,1.252,1,1,0,1,0,0,0
20260926-090514_laneA_exp1_prompt_vs_steer_issuebench_qwen3-8b,issuebench-sample-539043,steered_neg,89,112,1.0,1,0.0115,0,9.573,0,0,0,0,0,0,1
20260926-090514_laneA_exp1_prompt_vs_steer_issuebench_qwen3-8b,issuebench-sample-386525,steered_neg,123,141,0.9752,1,0.0165,0,8.028,0,0,0,0,0,0,1
20260926-090514_laneA_exp1_prompt_vs_steer_issuebench_qwen3-8b,issuebench-sample-295832,steered_neg,133,170,0.9389,1,0.0153,0,9.783,0,0,0,0,0,0,1
20260926-090514_laneA_exp1_prompt_vs_steer_issuebench_qwen3-8b,issuebench-sample-348827,steered_neg,59,68,1.0,1,0.0175,0,9.059,0,0,0,0,0,0,1
20260926-090514_laneA_exp1_prompt_vs_steer_issuebench_qwen3-8b,issuebench-sample-75097,steered_neg,263,368,0.9425,1,0.0153,0,4.463,0,0,0,0,0,0,1
20260926-090514_laneA_exp1_prompt_vs_steer_issuebench_qwen3-8b,issuebench-sample-116340,steered_neg,107,139,1.0,1,0.0095,0,10.344,0,0,0,0,0,0,1
20260926-090514_laneA_exp1_prompt_vs_steer_issuebench_qwen3-8b,issuebench-sample-594336,steered_neg,341,422,0.7581,1,0.0118,0,3.942,0,0,0,0,0,0,1
20260926-090514_laneA_exp1_prompt_vs_steer_issuebench_qwen3-8b,issuebench-sample-385637,steered_neg,448,512,0.6794,1,0.0157,0,3.436,1,0,0,0,0,0,1
20260926-090514_laneA_exp1_prompt_vs_steer_issuebench_qwen3-8b,issuebench-sample-333381,steered_neg,98,118,0.9688,1,0.0208,0,8.267,0,0,0,0,0,0,1
20260926-090514_laneA_exp1_prompt_vs_steer_issuebench_qwen3-8b,issuebench-sample-243482,steered_neg,453,512,0.2927,1,0.0288,0,2.0,1,1,0,1,0,0,0
20260926-090514_laneA_exp1_prompt_vs_steer_issuebench_qwen3-8b,issuebench-sample-503748,steered_neg,199,229,0.8325,1,0.0254,0,4.838,0,0,0,0,0,0,1
20260926-090514_laneA_exp1_prompt_vs_steer_issuebench_qwen3-8b,issuebench-sample-522099,steered_neg,125,157,0.9593,1,0.0163,0,8.876,0,0,0,0,0,0,1
20260926-090514_laneA_exp1_prompt_vs_steer_issuebench_qwen3-8b,issuebench-sample-606016,steered_neg,92,117,0.9778,1,0.0222,0,8.712,0,0,0,0,0,0,1
20260926-090514_laneA_exp1_prompt_vs_steer_issuebench_qwen3-8b,issuebench-sample-368130,steered_neg,212,291,0.9571,1,0.0095,0,7.355,0,0,0,0,0,0,1
20260926-090514_laneA_exp1_prompt_vs_steer_issuebench_qwen3-8b,issuebench-sample-359302,steered_neg,263,336,0.9425,1,0.0153,0,5.765,0,0,0,0,0,0,1
20260926-090514_laneA_exp1_prompt_vs_steer_issuebench_qwen3-8b,issuebench-sample-610726,steered_neg,111,131,0.9817,1,0.0183,0,7.471,0,0,0,0,0,0,1
20260926-090514_laneA_exp1_prompt_vs_steer_issuebench_qwen3-8b,issuebench-sample-519816,steered_neg,246,287,0.8238,1,0.0123,0,5.857,0,0,0,0,0,0,1
20260926-090514_laneA_exp1_prompt_vs_steer_issuebench_qwen3-8b,issuebench-sample-565963,steered_neg,75,100,1.0,1,0.0137,0,10.351,0,0,0,0,0,0,1
20260926-090514_laneA_exp1_prompt_vs_steer_issuebench_qwen3-8b,issuebench-sample-559862,steered_neg,78,93,0.9868,1,0.0263,0,11.782,0,0,0,0,0,0,1
20260926-090514_laneA_exp1_prompt_vs_steer_issuebench_qwen3-8b,issuebench-sample-371868,steered_neg,108,131,0.9906,1,0.0189,0,7.379,0,0,0,0,0,0,1
20260926-090514_laneA_exp1_prompt_vs_steer_issuebench_qwen3-8b,issuebench-sample-434633,steered_neg,169,200,0.9641,1,0.012,0,8.633,0,0,0,0,0,0,1
20260926-090514_laneA_exp1_prompt_vs_steer_issuebench_qwen3-8b,issuebench-sample-160362,steered_neg,131,165,0.969,1,0.0155,0,6.774,0,0,0,0,0,0,1
20260926-090514_laneA_exp1_prompt_vs_steer_issuebench_qwen3-8b,issuebench-sample-387918,steered_neg,163,186,0.5528,1,0.0248,0,3.75,0,0,0,0,0,0,1
20260926-090514_laneA_exp1_prompt_vs_steer_issuebench_qwen3-8b,issuebench-sample-306662,steered_neg,442,512,0.2386,1,0.0341,0,1.764,1,1,0,1,0,0,0
20260926-090514_laneA_exp1_prompt_vs_steer_issuebench_qwen3-8b,issuebench-sample-96199,steered_neg,132,171,0.9538,1,0.0154,0,7.322,0,0,0,0,0,0,1
20260926-090514_laneA_exp1_prompt_vs_steer_issuebench_qwen3-8b,issuebench-sample-114786,steered_neg,298,389,0.6926,1,0.0203,0,3.86,0,0,0,0,0,0,1
20260926-090514_laneA_exp1_prompt_vs_steer_issuebench_qwen3-8b,issuebench-sample-613959,steered_neg,109,140,0.9439,1,0.0187,0,7.773,0,0,0,0,0,0,1
20260926-090514_laneA_exp1_prompt_vs_steer_issuebench_qwen3-8b,issuebench-sample-598529,steered_neg,450,512,0.5312,1,0.0201,0,3.659,1,1,0,0,0,0,1
20260926-090514_laneA_exp1_prompt_vs_steer_issuebench_qwen3-8b,issuebench-sample-498994,steered_neg,356,440,0.6695,1,0.0254,0,3.674,0,0,0,0,0,0,1
20260926-090514_laneA_exp1_prompt_vs_steer_issuebench_qwen3-8b,issuebench-sample-328370,steered_neg,237,287,0.6298,1,0.0213,0,3.845,0,0,0,0,0,0,1
20260926-090514_laneA_exp1_prompt_vs_steer_issuebench_qwen3-8b,issuebench-sample-249766,steered_neg,229,270,0.8855,1,0.0132,0,7.461,0,0,0,0,0,0,1
20260926-090514_laneA_exp1_prompt_vs_steer_issuebench_qwen3-8b,issuebench-sample-203626,steered_neg,460,512,0.2096,1,0.0328,0,1.532,1,1,0,1,0,0,0
20260926-090514_laneA_exp1_prompt_vs_steer_issuebench_qwen3-8b,issuebench-sample-176059,steered_neg,97,109,0.9895,1,0.0211,0,12.903,0,0,0,0,0,0,1
20260926-090514_laneA_exp1_prompt_vs_steer_issuebench_qwen3-8b,issuebench-sample-519176,steered_neg,134,160,0.947,1,0.0152,0,7.036,0,0,0,0,0,0,1
20260926-090514_laneA_exp1_prompt_vs_steer_issuebench_qwen3-8b,issuebench-sample-30179,steered_neg,423,512,0.8266,1,0.0143,0,4.989,1,0,0,0,0,0,1
20260926-090514_laneA_exp1_prompt_vs_steer_issuebench_qwen3-8b,issuebench-sample-19539,steered_neg,306,363,0.8026,1,0.0164,0,4.476,0,0,0,0,0,0,1
20260926-090514_laneA_exp1_prompt_vs_steer_issuebench_qwen3-8b,issuebench-sample-175920,steered_neg,119,146,0.9402,1,0.0171,0,7.708,0,0,0,0,0,0,1
20260926-090514_laneA_exp1_prompt_vs_steer_issuebench_qwen3-8b,issuebench-sample-53947,steered_neg,207,263,0.8146,1,0.0244,0,5.414,0,0,0,0,0,0,1
20260926-090514_laneA_exp1_prompt_vs_steer_issuebench_qwen3-8b,issuebench-sample-594939,steered_neg,98,122,0.875,1,0.0208,0,5.578,0,0,0,0,0,0,1
20260926-090514_laneA_exp1_prompt_vs_steer_issuebench_qwen3-8b,issuebench-sample-245958,steered_neg,259,302,0.537,1,0.0389,0,3.709,0,0,0,0,0,0,1
20260926-090514_laneA_exp1_prompt_vs_steer_issuebench_qwen3-8b,issuebench-sample-265924,steered_neg,381,512,0.4485,1,0.0185,0,2.165,1,1,0,1,0,0,0
20260926-090514_laneA_exp1_prompt_vs_steer_issuebench_qwen3-8b,issuebench-sample-205406,steered_neg,301,416,0.592,1,0.0334,0,2.923,0,1,0,0,0,0,1
20260926-090514_laneA_exp1_prompt_vs_steer_issuebench_qwen3-8b,issuebench-sample-273875,steered_neg,164,207,0.8889,1,0.0185,0,6.179,0,0,0,0,0,0,1
20260926-090514_laneA_exp1_prompt_vs_steer_issuebench_qwen3-8b,issuebench-sample-48996,steered_neg,72,81,1.0,1,0.0143,0,7.515,0,0,0,0,0,0,1
20260926-090514_laneA_exp1_prompt_vs_steer_issuebench_qwen3-8b,issuebench-sample-302662,steered_neg,119,164,0.8718,1,0.0256,0,6.218,0,0,0,0,0,0,1
20260926-090514_laneA_exp1_prompt_vs_steer_issuebench_qwen3-8b,issuebench-sample-486783,steered_neg,389,512,0.4444,1,0.0698,0,2.328,1,1,0,1,0,0,0
20260926-090514_laneA_exp1_prompt_vs_steer_issuebench_qwen3-8b,issuebench-sample-471632,steered_neg,261,337,0.7799,1,0.0193,0,4.734,0,0,0,0,0,0,1
20260926-090514_laneA_exp1_prompt_vs_steer_issuebench_qwen3-8b,issuebench-sample-409224,steered_neg,74,87,1.0,1,0.0139,0,8.084,0,0,0,0,0,0,1
20260926-090514_laneA_exp1_prompt_vs_steer_issuebench_qwen3-8b,issuebench-sample-61943,steered_neg,345,512,0.2274,67,0.1953,0,1.558,1,1,0,1,1,0,0
20260926-090514_laneA_exp1_prompt_vs_steer_issuebench_qwen3-8b,issuebench-sample-76239,steered_neg,169,211,0.9701,1,0.012,0,11.565,0,0,0,0,0,0,1
20260926-090514_laneA_exp1_prompt_vs_steer_issuebench_qwen3-8b,issuebench-sample-518174,steered_neg,70,85,0.9706,1,0.0294,0,8.401,0,0,0,0,0,0,1
20260926-090514_laneA_exp1_prompt_vs_steer_issuebench_qwen3-8b,issuebench-sample-134785,steered_neg,362,454,0.6889,1,0.0139,0,4.152,0,0,0,0,0,0,1
20260926-090514_laneA_exp1_prompt_vs_steer_issuebench_qwen3-8b,issuebench-sample-57904,steered_neg,147,176,0.8345,1,0.0207,0,5.177,0,0,0,0,0,0,1
20260926-090514_laneA_exp1_prompt_vs_steer_issuebench_qwen3-8b,issuebench-sample-417246,steered_neg,413,512,0.5523,1,0.0341,0,2.845,1,1,0,0,0,0,1
20260926-090514_laneA_exp1_prompt_vs_steer_issuebench_qwen3-8b,issuebench-sample-220242,steered_neg,126,150,0.9194,1,0.0242,0,6.435,0,0,0,0,0,0,1
20260926-090514_laneA_exp1_prompt_vs_steer_issuebench_qwen3-8b,issuebench-sample-478381,steered_neg,99,121,1.0,1,0.0103,0,9.935,0,0,0,0,0,0,1
20260926-090514_laneA_exp1_prompt_vs_steer_issuebench_qwen3-8b,issuebench-sample-513365,steered_neg,476,512,0.2089,1,0.0422,0,1.665,1,1,0,1,0,0,0
20260926-090514_laneA_exp1_prompt_vs_steer_issuebench_qwen3-8b,issuebench-sample-157326,steered_neg,176,224,1.0,1,0.0057,0,7.678,0,0,0,0,0,0,1
20260926-090514_laneA_exp1_prompt_vs_steer_issuebench_qwen3-8b,issuebench-sample-458503,steered_neg,125,163,0.9756,1,0.0163,0,8.121,0,0,0,0,0,0,1
20260926-090514_laneA_exp1_prompt_vs_steer_issuebench_qwen3-8b,issuebench-sample-378853,steered_neg,132,161,0.9462,1,0.0154,0,7.621,0,0,0,0,0,0,1
20260926-090514_laneA_exp1_prompt_vs_steer_issuebench_qwen3-8b,issuebench-sample-10693,steered_neg,75,95,0.9452,1,0.0274,0,10.35,0,0,0,0,0,0,1
20260926-090514_laneA_exp1_prompt_vs_steer_issuebench_qwen3-8b,issuebench-sample-195853,steered_neg,164,197,0.9506,1,0.0185,0,6.192,0,0,0,0,0,0,1
20260926-090514_laneA_exp1_prompt_vs_steer_issuebench_qwen3-8b,issuebench-sample-303525,steered_neg,97,135,0.9895,1,0.0211,0,6.352,0,0,0,0,0,0,1
20260926-090514_laneA_exp1_prompt_vs_steer_issuebench_qwen3-8b,issuebench-sample-148396,steered_neg,424,512,0.3957,1,0.0379,0,2.152,1,1,0,1,0,0,0
20260926-090514_laneA_exp1_prompt_vs_steer_issuebench_qwen3-8b,issuebench-sample-433897,steered_neg,256,311,0.8346,1,0.0157,0,4.822,0,0,0,0,0,0,1
20260926-090514_laneA_exp1_prompt_vs_steer_issuebench_qwen3-8b,issuebench-sample-292353,steered_neg,100,124,0.9694,1,0.0204,0,7.531,0,0,0,0,0,0,1
20260926-090514_laneA_exp1_prompt_vs_steer_issuebench_qwen3-8b,issuebench-sample-124301,steered_neg,108,137,1.0,1,0.0094,0,10.01,0,0,0,0,0,0,1
20260926-090514_laneA_exp1_prompt_vs_steer_issuebench_qwen3-8b,issuebench-sample-574314,steered_neg,392,463,0.4564,1,0.0179,0,2.479,0,1,0,1,0,0,0
20260926-090514_laneA_exp1_prompt_vs_steer_issuebench_qwen3-8b,issuebench-sample-612923,steered_neg,133,162,0.9847,1,0.0153,0,11.828,0,0,0,0,0,0,1
20260926-090514_laneA_exp1_prompt_vs_steer_issuebench_qwen3-8b,issuebench-sample-155128,steered_neg,185,228,0.9454,1,0.0164,0,6.885,0,0,0,0,0,0,1
20260926-090514_laneA_exp1_prompt_vs_steer_issuebench_qwen3-8b,issuebench-sample-28299,steered_neg,70,83,1.0,1,0.0147,0,17.966,0,0,0,0,0,1,0
20260926-090514_laneA_exp1_prompt_vs_steer_issuebench_qwen3-8b,issuebench-sample-75580,steered_neg,242,299,0.9125,1,0.0167,0,6.603,0,0,0,0,0,0,1
20260926-090514_laneA_exp1_prompt_vs_steer_issuebench_qwen3-8b,issuebench-sample-295825,steered_neg,376,511,0.4332,1,0.0428,0,3.149,1,1,0,1,0,0,0
20260926-090514_laneA_exp1_prompt_vs_steer_issuebench_qwen3-8b,issuebench-sample-62227,steered_neg,153,202,0.9669,1,0.0132,0,6.917,0,0,0,0,0,0,1
20260926-090514_laneA_exp1_prompt_vs_steer_issuebench_qwen3-8b,issuebench-sample-374359,steered_neg,102,123,0.96,1,0.03,0,9.073,0,0,0,0,0,0,1
20260926-090514_laneA_exp1_prompt_vs_steer_issuebench_qwen3-8b,issuebench-sample-161255,steered_neg,218,284,0.9583,1,0.0139,0,6.533,0,0,0,0,0,0,1
20260926-090514_laneA_exp1_prompt_vs_steer_issuebench_qwen3-8b,issuebench-sample-396757,steered_neg,84,102,1.0,1,0.0122,0,11.238,0,0,0,0,0,0,1
20260926-090514_laneA_exp1_prompt_vs_steer_issuebench_qwen3-8b,issuebench-sample-199979,steered_neg,181,231,0.8603,1,0.0279,0,5.984,0,0,0,0,0,0,1
20260926-090514_laneA_exp1_prompt_vs_steer_issuebench_qwen3-8b,issuebench-sample-583606,steered_neg,468,512,0.2253,1,0.0258,0,1.526,1,1,0,1,0,0,0
20260926-090514_laneA_exp1_prompt_vs_steer_issuebench_qwen3-8b,issuebench-sample-579325,steered_neg,201,236,0.9698,1,0.0101,0,8.958,0,0,0,0,0,0,1
20260926-090514_laneA_exp1_prompt_vs_steer_issuebench_qwen3-8b,issuebench-sample-169935,steered_neg,97,121,0.9263,1,0.0316,0,10.845,0,0,0,0,0,0,1
20260926-090514_laneA_exp1_prompt_vs_steer_issuebench_qwen3-8b,issuebench-sample-354662,steered_neg,89,100,1.0,1,0.0115,0,15.259,0,0,0,0,0,1,0
20260926-090514_laneA_exp1_prompt_vs_steer_issuebench_qwen3-8b,issuebench-sample-413527,steered_neg,96,123,0.8723,1,0.0213,0,10.465,0,0,0,0,0,0,1
20260926-090514_laneA_exp1_prompt_vs_steer_issuebench_qwen3-8b,issuebench-sample-291217,steered_neg,105,130,0.9903,1,0.0194,0,11.455,0,0,0,0,0,0,1
20260926-090514_laneA_exp1_prompt_vs_steer_issuebench_qwen3-8b,issuebench-sample-429961,steered_neg,345,512,0.9155,1,0.0233,0,5.065,1,0,0,0,0,0,1
20260926-090514_laneA_exp1_prompt_vs_steer_issuebench_qwen3-8b,issuebench-sample-314991,steered_neg,104,126,0.9804,1,0.0294,0,10.78,0,0,0,0,0,0,1
20260926-090514_laneA_exp1_prompt_vs_steer_issuebench_qwen3-8b,issuebench-sample-314368,steered_neg,398,512,0.8157,1,0.0202,0,4.442,1,0,0,0,0,0,1
20260926-090514_laneA_exp1_prompt_vs_steer_issuebench_qwen3-8b,issuebench-sample-560109,steered_neg,100,126,0.9694,1,0.0204,0,7.945,0,0,0,0,0,0,1
20260926-090514_laneA_exp1_prompt_vs_steer_issuebench_qwen3-8b,issuebench-sample-515381,steered_neg,61,69,1.0,1,0.0169,0,7.135,0,0,0,0,0,0,1
20260926-090514_laneA_exp1_prompt_vs_steer_issuebench_qwen3-8b,issuebench-sample-543212,steered_neg,422,512,0.8714,1,0.0143,0,5.271,1,0,0,0,0,0,1
20260926-090514_laneA_exp1_prompt_vs_steer_issuebench_qwen3-8b,issuebench-sample-253224,steered_neg,123,138,0.9835,1,0.0165,0,7.411,0,0,0,0,0,0,1
20260926-090514_laneA_exp1_prompt_vs_steer_issuebench_qwen3-8b,issuebench-sample-286724,steered_neg,99,127,1.0,1,0.0103,0,6.993,0,0,0,0,0,0,1
20260926-090514_laneA_exp1_prompt_vs_steer_issuebench_qwen3-8b,issuebench-sample-560892,steered_neg,225,304,0.7534,1,0.0269,0,4.875,0,0,0,0,0,0,1
20260926-090514_laneA_exp1_prompt_vs_steer_issuebench_qwen3-8b,issuebench-sample-395138,steered_neg,423,512,0.6033,1,0.0119,0,2.595,1,1,0,0,0,0,1
20260926-090514_laneA_exp1_prompt_vs_steer_issuebench_qwen3-8b,issuebench-sample-382202,steered_neg,121,155,0.958,1,0.0168,0,7.859,0,0,0,0,0,0,1
20260926-090514_laneA_exp1_prompt_vs_steer_issuebench_qwen3-8b,issuebench-sample-368369,steered_neg,83,103,0.9753,1,0.0247,0,7.862,0,0,0,0,0,0,1
20260926-090514_laneA_exp1_prompt_vs_steer_issuebench_qwen3-8b,issuebench-sample-460538,steered_neg,124,150,0.9836,1,0.0164,0,7.736,0,0,0,0,0,0,1
20260926-090514_laneA_exp1_prompt_vs_steer_issuebench_qwen3-8b,issuebench-sample-13380,steered_neg,381,512,0.723,1,0.0158,0,3.668,1,0,0,0,0,0,1
20260926-090514_laneA_exp1_prompt_vs_steer_issuebench_qwen3-8b,issuebench-sample-525105,steered_neg,412,475,0.5756,1,0.0195,0,3.054,0,1,0,0,0,0,1
20260926-090514_laneA_exp1_prompt_vs_steer_issuebench_qwen3-8b,issuebench-sample-225027,steered_neg,125,155,0.9919,1,0.0163,0,8.828,0,0,0,0,0,0,1
20260926-090514_laneA_exp1_prompt_vs_steer_issuebench_qwen3-8b,issuebench-sample-198663,steered_neg,73,86,1.0,1,0.0141,0,10.815,0,0,0,0,0,0,1
20260926-090514_laneA_exp1_prompt_vs_steer_issuebench_qwen3-8b,issuebench-sample-82509,steered_neg,74,98,0.9861,1,0.0278,0,9.245,0,0,0,0,0,0,1
20260926-090514_laneA_exp1_prompt_vs_steer_issuebench_qwen3-8b,issuebench-sample-133858,steered_neg,112,139,0.9909,1,0.0182,0,9.596,0,0,0,0,0,0,1
20260926-090514_laneA_exp1_prompt_vs_steer_issuebench_qwen3-8b,issuebench-sample-570841,steered_neg,281,325,0.7742,1,0.0143,0,6.348,0,0,0,0,0,0,1
20260926-090514_laneA_exp1_prompt_vs_steer_issuebench_qwen3-8b,issuebench-sample-298790,steered_neg,99,124,0.9897,1,0.0206,0,11.63,0,0,0,0,0,0,1
20260926-090514_laneA_exp1_prompt_vs_steer_issuebench_qwen3-8b,issuebench-sample-104567,steered_neg,111,148,0.8624,1,0.0275,0,7.307,0,0,0,0,0,0,1
20260926-090514_laneA_exp1_prompt_vs_steer_issuebench_qwen3-8b,issuebench-sample-375196,steered_neg,74,94,1.0,1,0.0139,0,13.198,0,0,0,0,0,0,1
20260926-090514_laneA_exp1_prompt_vs_steer_issuebench_qwen3-8b,issuebench-sample-49509,steered_neg,77,86,1.0,1,0.0133,0,8.149,0,0,0,0,0,0,1
20260926-090514_laneA_exp1_prompt_vs_steer_issuebench_qwen3-8b,issuebench-sample-480919,steered_neg,112,136,0.9273,1,0.0182,0,6.612,0,0,0,0,0,0,1
20260926-090514_laneA_exp1_prompt_vs_steer_issuebench_qwen3-8b,issuebench-sample-364784,steered_neg,150,177,0.9865,1,0.0135,0,8.488,0,0,0,0,0,0,1
20260926-090514_laneA_exp1_prompt_vs_steer_issuebench_qwen3-8b,issuebench-sample-404062,steered_neg,154,182,0.9408,1,0.0197,0,6.4,0,0,0,0,0,0,1
20260926-090514_laneA_exp1_prompt_vs_steer_issuebench_qwen3-8b,issuebench-sample-36734,steered_neg,430,512,0.5724,1,0.0234,0,3.411,1,1,0,0,0,0,1
20260926-090514_laneA_exp1_prompt_vs_steer_issuebench_qwen3-8b,issuebench-sample-51660,steered_neg,419,512,0.5731,1,0.0288,0,2.933,1,1,0,0,0,0,1
20260926-090514_laneA_exp1_prompt_vs_steer_issuebench_qwen3-8b,issuebench-sample-611680,steered_neg,92,107,1.0,1,0.0111,0,13.255,0,0,0,0,0,0,1
20260926-090514_laneA_exp1_prompt_vs_steer_issuebench_qwen3-8b,issuebench-sample-133847,steered_neg,63,82,1.0,1,0.0164,0,17.665,0,0,0,0,0,1,0
20260926-090514_laneA_exp1_prompt_vs_steer_issuebench_qwen3-8b,issuebench-sample-132182,steered_neg,39,47,1.0,1,0.027,0,8.851,0,0,0,0,0,0,1
20260926-090514_laneA_exp1_prompt_vs_steer_issuebench_qwen3-8b,issuebench-sample-443402,steered_neg,464,512,0.4091,1,0.0325,0,2.453,1,1,0,1,0,0,0
20260926-090514_laneA_exp1_prompt_vs_steer_issuebench_qwen3-8b,issuebench-sample-283916,steered_neg,319,386,0.8486,1,0.0315,0,5.436,0,0,0,0,0,0,1
20260926-090514_laneA_exp1_prompt_vs_steer_issuebench_qwen3-8b,issuebench-sample-597900,steered_neg,103,124,0.9802,1,0.0198,0,10.275,0,0,0,0,0,0,1
20260926-090514_laneA_exp1_prompt_vs_steer_issuebench_qwen3-8b,issuebench-sample-301402,steered_neg,103,119,0.9307,1,0.0297,0,8.513,0,0,0,0,0,0,1
20260926-090514_laneA_exp1_prompt_vs_steer_issuebench_qwen3-8b,issuebench-sample-289722,steered_neg,92,111,0.9778,1,0.0222,0,8.812,0,0,0,0,0,0,1
20260926-090514_laneA_exp1_prompt_vs_steer_issuebench_qwen3-8b,issuebench-sample-601385,steered_neg,95,115,1.0,1,0.0108,0,7.78,0,0,0,0,0,0,1
20260926-090514_laneA_exp1_prompt_vs_steer_issuebench_qwen3-8b,issuebench-sample-608450,steered_neg,420,512,0.3636,1,0.0742,0,2.365,1,1,0,1,0,0,0
20260926-090514_laneA_exp1_prompt_vs_steer_issuebench_qwen3-8b,issuebench-sample-614224,steered_neg,106,127,0.9808,1,0.0192,0,11.053,0,0,0,0,0,0,1
20260926-090514_laneA_exp1_prompt_vs_steer_issuebench_qwen3-8b,issuebench-sample-193885,steered_neg,174,219,0.6105,1,0.0233,0,3.95,0,0,0,0,0,0,1
20260926-090514_laneA_exp1_prompt_vs_steer_issuebench_qwen3-8b,issuebench-sample-523662,steered_neg,101,126,0.9798,1,0.0202,0,10.144,0,0,0,0,0,0,1
20260926-090514_laneA_exp1_prompt_vs_steer_issuebench_qwen3-8b,issuebench-sample-198788,steered_neg,94,110,1.0,1,0.0109,0,8.113,0,0,0,0,0,0,1
20260926-090514_laneA_exp1_prompt_vs_steer_issuebench_qwen3-8b,issuebench-sample-24672,steered_neg,128,159,0.9286,1,0.0159,0,8.328,0,0,0,0,0,0,1
20260926-090514_laneA_exp1_prompt_vs_steer_issuebench_qwen3-8b,issuebench-sample-354968,steered_neg,91,104,0.9888,1,0.0225,0,11.155,0,0,0,0,0,0,1
20260926-090514_laneA_exp1_prompt_vs_steer_issuebench_qwen3-8b,issuebench-sample-426506,steered_neg,103,125,0.9901,1,0.0198,0,7.716,0,0,0,0,0,0,1
20260926-090514_laneA_exp1_prompt_vs_steer_issuebench_qwen3-8b,issuebench-sample-548473,steered_neg,379,512,0.6552,1,0.0424,0,4.304,1,0,0,0,0,0,1
20260926-090514_laneA_exp1_prompt_vs_steer_issuebench_qwen3-8b,issuebench-sample-489503,steered_pos,79,110,0.987,1,0.026,0,10.177,0,0,0,0,0,0,1
20260926-090514_laneA_exp1_prompt_vs_steer_issuebench_qwen3-8b,issuebench-sample-518707,steered_pos,83,122,0.9506,1,0.0247,0,11.24,0,0,0,0,0,0,1
20260926-090514_laneA_exp1_prompt_vs_steer_issuebench_qwen3-8b,issuebench-sample-435000,steered_pos,417,512,0.2747,1,0.1349,0,1.918,1,1,0,1,0,0,0
20260926-090514_laneA_exp1_prompt_vs_steer_issuebench_qwen3-8b,issuebench-sample-390672,steered_pos,109,149,0.9533,1,0.028,0,13.215,0,0,0,0,0,0,1
20260926-090514_laneA_exp1_prompt_vs_steer_issuebench_qwen3-8b,issuebench-sample-234820,steered_pos,123,147,0.9752,1,0.0165,0,6.103,0,0,0,0,0,0,1
20260926-090514_laneA_exp1_prompt_vs_steer_issuebench_qwen3-8b,issuebench-sample-373694,steered_pos,135,160,0.985,1,0.015,0,10.384,0,0,0,0,0,0,1
20260926-090514_laneA_exp1_prompt_vs_steer_issuebench_qwen3-8b,issuebench-sample-258095,steered_pos,54,83,0.8269,2,0.0385,0,29.202,0,0,0,0,0,1,0
20260926-090514_laneA_exp1_prompt_vs_steer_issuebench_qwen3-8b,issuebench-sample-199040,steered_pos,420,512,0.2249,1,0.0885,0,1.596,1,1,0,1,0,0,0
20260926-090514_laneA_exp1_prompt_vs_steer_issuebench_qwen3-8b,issuebench-sample-440301,steered_pos,474,512,0.1716,1,0.053,0,1.549,1,1,0,1,0,0,0
20260926-090514_laneA_exp1_prompt_vs_steer_issuebench_qwen3-8b,issuebench-sample-437647,steered_pos,82,105,0.925,1,0.025,0,5.884,0,0,0,0,0,0,1
20260926-090514_laneA_exp1_prompt_vs_steer_issuebench_qwen3-8b,issuebench-sample-356895,steered_pos,446,512,0.3919,1,0.0878,0,2.11,1,1,0,1,0,0,0
20260926-090514_laneA_exp1_prompt_vs_steer_issuebench_qwen3-8b,issuebench-sample-103722,steered_pos,131,167,0.938,1,0.0233,0,4.388,0,0,0,0,0,0,1
20260926-090514_laneA_exp1_prompt_vs_steer_issuebench_qwen3-8b,issuebench-sample-482375,steered_pos,198,362,0.9898,1,0.0102,0,5.929,0,0,0,0,0,0,1
20260926-090514_laneA_exp1_prompt_vs_steer_issuebench_qwen3-8b,issuebench-sample-71773,steered_pos,414,512,0.7451,1,0.0291,0,4.223,1,0,0,0,0,0,1
20260926-090514_laneA_exp1_prompt_vs_steer_issuebench_qwen3-8b,issuebench-sample-7315,steered_pos,314,512,0.9167,1,0.0128,0,4.17,1,0,0,0,0,0,1
20260926-090514_laneA_exp1_prompt_vs_steer_issuebench_qwen3-8b,issuebench-sample-375308,steered_pos,395,512,0.4504,1,0.1221,0,2.639,1,1,0,1,0,0,0
20260926-090514_laneA_exp1_prompt_vs_steer_issuebench_qwen3-8b,issuebench-sample-438434,steered_pos,50,75,1.0,1,0.0208,0,25.066,0,0,0,0,0,1,0
20260926-090514_laneA_exp1_prompt_vs_steer_issuebench_qwen3-8b,issuebench-sample-358159,steered_pos,61,74,0.9661,1,0.0339,0,9.868,0,0,0,0,0,0,1
20260926-090514_laneA_exp1_prompt_vs_steer_issuebench_qwen3-8b,issuebench-sample-377767,steered_pos,451,512,0.5434,1,0.0334,0,3.096,1,1,0,0,0,0,1
20260926-090514_laneA_exp1_prompt_vs_steer_issuebench_qwen3-8b,issuebench-sample-361285,steered_pos,342,512,0.0676,1,0.4706,0,1.198,1,1,0,1,0,0,0
20260926-090514_laneA_exp1_prompt_vs_steer_issuebench_qwen3-8b,issuebench-sample-347246,steered_pos,285,445,0.9576,1,0.0141,0,4.808,0,0,0,0,0,0,1
20260926-090514_laneA_exp1_prompt_vs_steer_issuebench_qwen3-8b,issuebench-sample-453827,steered_pos,47,64,1.0,1,0.0222,0,40.037,0,0,0,0,0,1,0
20260926-090514_laneA_exp1_prompt_vs_steer_issuebench_qwen3-8b,issuebench-sample-609998,steered_pos,388,512,0.2202,1,0.2642,0,1.608,1,1,0,1,0,0,0
20260926-090514_laneA_exp1_prompt_vs_steer_issuebench_qwen3-8b,issuebench-sample-631926,steered_pos,296,359,0.9116,1,0.017,0,4.79,0,0,0,0,0,0,1
20260926-090514_laneA_exp1_prompt_vs_steer_issuebench_qwen3-8b,issuebench-sample-401738,steered_pos,198,283,0.9439,1,0.0153,0,9.831,0,0,0,0,0,0,1
20260926-090514_laneA_exp1_prompt_vs_steer_issuebench_qwen3-8b,issuebench-sample-27409,steered_pos,216,512,0.7523,23,0.1028,0,2.863,1,0,0,0,1,0,0
20260926-090514_laneA_exp1_prompt_vs_steer_issuebench_qwen3-8b,issuebench-sample-86363,steered_pos,240,301,0.9874,1,0.0084,0,8.867,0,0,0,0,0,0,1
20260926-090514_laneA_exp1_prompt_vs_steer_issuebench_qwen3-8b,issuebench-sample-526183,steered_pos,389,461,0.3282,1,0.0775,0,1.894,0,1,0,1,0,0,0
20260926-090514_laneA_exp1_prompt_vs_steer_issuebench_qwen3-8b,issuebench-sample-369558,steered_pos,354,512,0.3409,1,0.0199,0,2.194,1,1,0,1,0,0,0
20260926-090514_laneA_exp1_prompt_vs_steer_issuebench_qwen3-8b,issuebench-sample-130025,steered_pos,208,296,0.9466,1,0.0146,0,8.064,0,0,0,0,0,0,1
20260926-090514_laneA_exp1_prompt_vs_steer_issuebench_qwen3-8b,issuebench-sample-634774,steered_pos,50,70,0.9375,1,0.0417,0,7.832,0,0,0,0,0,0,1
20260926-090514_laneA_exp1_prompt_vs_steer_issuebench_qwen3-8b,issuebench-sample-364345,steered_pos,173,203,0.9708,1,0.0117,0,9.272,0,0,0,0,0,0,1
20260926-090514_laneA_exp1_prompt_vs_steer_issuebench_qwen3-8b,issuebench-sample-516207,steered_pos,34,47,1.0,1,0.0312,0,38.806,0,0,0,0,0,1,0
20260926-090514_laneA_exp1_prompt_vs_steer_issuebench_qwen3-8b,issuebench-sample-258329,steered_pos,359,512,0.2717,1,0.0756,0,1.556,1,1,0,1,0,0,0
20260926-090514_laneA_exp1_prompt_vs_steer_issuebench_qwen3-8b,issuebench-sample-394849,steered_pos,438,512,0.4954,1,0.0482,0,2.686,1,1,0,1,0,0,0
20260926-090514_laneA_exp1_prompt_vs_steer_issuebench_qwen3-8b,issuebench-sample-296546,steered_pos,396,512,0.8959,1,0.0127,0,6.404,1,0,0,0,0,0,1
20260926-090514_laneA_exp1_prompt_vs_steer_issuebench_qwen3-8b,issuebench-sample-35240,steered_pos,22,31,1.0,1,0.05,0,23.958,0,0,0,0,0,1,0
20260926-090514_laneA_exp1_prompt_vs_steer_issuebench_qwen3-8b,issuebench-sample-193714,steered_pos,322,488,0.4781,1,0.0844,0,2.9,1,1,0,1,0,0,0
20260926-090514_laneA_exp1_prompt_vs_steer_issuebench_qwen3-8b,issuebench-sample-8855,steered_pos,405,512,0.3648,1,0.1241,0,2.383,1,1,0,1,0,0,0
20260926-090514_laneA_exp1_prompt_vs_steer_issuebench_qwen3-8b,issuebench-sample-263840,steered_pos,48,66,1.0,1,0.0217,0,12.673,0,0,0,0,0,0,1
20260926-090514_laneA_exp1_prompt_vs_steer_issuebench_qwen3-8b,issuebench-sample-521375,steered_pos,34,39,0.9688,1,0.0625,0,12.565,0,0,0,0,0,0,1
20260926-090514_laneA_exp1_prompt_vs_steer_issuebench_qwen3-8b,issuebench-sample-485225,steered_pos,431,512,0.4009,1,0.0769,0,2.552,1,1,0,1,0,0,0
20260926-090514_laneA_exp1_prompt_vs_steer_issuebench_qwen3-8b,issuebench-sample-388605,steered_pos,200,341,0.9495,1,0.0202,0,5.043,0,0,0,0,0,0,1
20260926-090514_laneA_exp1_prompt_vs_steer_issuebench_qwen3-8b,issuebench-sample-339228,steered_pos,48,67,0.9783,1,0.0435,0,12.299,0,0,0,0,0,0,1
20260926-090514_laneA_exp1_prompt_vs_steer_issuebench_qwen3-8b,issuebench-sample-566895,steered_pos,335,450,0.7387,1,0.021,0,4.421,0,0,0,0,0,0,1
20260926-090514_laneA_exp1_prompt_vs_steer_issuebench_qwen3-8b,issuebench-sample-194644,steered_pos,339,512,0.8427,1,0.0119,0,4.657,1,0,0,0,0,0,1
20260926-090514_laneA_exp1_prompt_vs_steer_issuebench_qwen3-8b,issuebench-sample-312729,steered_pos,350,512,0.8908,1,0.0345,0,4.637,1,0,0,0,0,0,1
20260926-090514_laneA_exp1_prompt_vs_steer_issuebench_qwen3-8b,issuebench-sample-295888,steered_pos,251,428,0.9317,1,0.008,0,5.261,0,0,0,0,0,0,1
20260926-090514_laneA_exp1_prompt_vs_steer_issuebench_qwen3-8b,issuebench-sample-249036,steered_pos,59,75,1.0,1,0.0175,0,8.148,0,0,0,0,0,0,1
20260926-090514_laneA_exp1_prompt_vs_steer_issuebench_qwen3-8b,issuebench-sample-473106,steered_pos,106,136,0.9904,1,0.0192,0,11.662,0,0,0,0,0,0,1
20260926-090514_laneA_exp1_prompt_vs_steer_issuebench_qwen3-8b,issuebench-sample-25351,steered_pos,340,512,0.6243,1,0.0266,0,4.266,1,0,0,0,0,0,1
20260926-090514_laneA_exp1_prompt_vs_steer_issuebench_qwen3-8b,issuebench-sample-591596,steered_pos,414,512,0.699,1,0.0267,0,3.661,1,0,0,0,0,0,1
20260926-090514_laneA_exp1_prompt_vs_steer_issuebench_qwen3-8b,issuebench-sample-383960,steered_pos,387,512,0.9221,1,0.0104,0,5.383,1,0,0,0,0,0,1
20260926-090514_laneA_exp1_prompt_vs_steer_issuebench_qwen3-8b,issuebench-sample-24133,steered_pos,387,512,0.8052,1,0.039,0,3.895,1,0,0,0,0,0,1
20260926-090514_laneA_exp1_prompt_vs_steer_issuebench_qwen3-8b,issuebench-sample-194934,steered_pos,268,512,0.6316,2,0.3459,0,2.704,1,1,0,0,0,0,1
20260926-090514_laneA_exp1_prompt_vs_steer_issuebench_qwen3-8b,issuebench-sample-278436,steered_pos,369,512,0.1717,1,0.049,0,1.678,1,1,0,1,0,0,0
20260926-090514_laneA_exp1_prompt_vs_steer_issuebench_qwen3-8b,issuebench-sample-153970,steered_pos,30,44,0.9286,1,0.1071,0,29.744,0,0,0,0,0,1,0
20260926-090514_laneA_exp1_prompt_vs_steer_issuebench_qwen3-8b,issuebench-sample-467113,steered_pos,183,273,0.9669,1,0.0166,0,7.542,0,0,0,0,0,0,1
20260926-090514_laneA_exp1_prompt_vs_steer_issuebench_qwen3-8b,issuebench-sample-632326,steered_pos,49,67,1.0,1,0.0213,0,28.093,0,0,0,0,0,1,0
20260926-090514_laneA_exp1_prompt_vs_steer_issuebench_qwen3-8b,issuebench-sample-609745,steered_pos,349,512,0.8674,1,0.0259,0,4.381,1,0,0,0,0,0,1
20260926-090514_laneA_exp1_prompt_vs_steer_issuebench_qwen3-8b,issuebench-sample-567597,steered_pos,229,338,0.9604,1,0.0176,0,6.019,0,0,0,0,0,0,1
20260926-090514_laneA_exp1_prompt_vs_steer_issuebench_qwen3-8b,issuebench-sample-554044,steered_pos,81,103,0.962,1,0.0253,0,6.497,0,0,0,0,0,0,1
20260926-090514_laneA_exp1_prompt_vs_steer_issuebench_qwen3-8b,issuebench-sample-518857,steered_pos,77,108,0.9733,1,0.0267,0,15.897,0,0,0,0,0,1,0
20260926-090514_laneA_exp1_prompt_vs_steer_issuebench_qwen3-8b,issuebench-sample-60142,steered_pos,260,336,0.9651,1,0.0078,0,7.405,0,0,0,0,0,0,1
20260926-090514_laneA_exp1_prompt_vs_steer_issuebench_qwen3-8b,issuebench-sample-370658,steered_pos,410,512,0.5833,1,0.0368,0,2.78,1,1,0,0,0,0,1
20260926-090514_laneA_exp1_prompt_vs_steer_issuebench_qwen3-8b,issuebench-sample-604379,steered_pos,294,430,0.8973,1,0.0171,0,6.68,0,0,0,0,0,0,1
20260926-090514_laneA_exp1_prompt_vs_steer_issuebench_qwen3-8b,issuebench-sample-144658,steered_pos,86,125,0.9643,1,0.0357,0,7.583,0,0,0,0,0,0,1
20260926-090514_laneA_exp1_prompt_vs_steer_issuebench_qwen3-8b,issuebench-sample-408789,steered_pos,299,470,0.7172,1,0.0269,0,5.159,0,0,0,0,0,0,1
20260926-090514_laneA_exp1_prompt_vs_steer_issuebench_qwen3-8b,issuebench-sample-463850,steered_pos,147,181,0.9793,1,0.0207,0,12.172,0,0,0,0,0,0,1
20260926-090514_laneA_exp1_prompt_vs_steer_issuebench_qwen3-8b,issuebench-sample-539043,steered_pos,256,512,0.0866,1,0.9173,0,1.365,1,1,0,1,0,0,0
20260926-090514_laneA_exp1_prompt_vs_steer_issuebench_qwen3-8b,issuebench-sample-386525,steered_pos,447,512,0.2449,1,0.1011,0,1.824,1,1,0,1,0,0,0
20260926-090514_laneA_exp1_prompt_vs_steer_issuebench_qwen3-8b,issuebench-sample-295832,steered_pos,229,350,0.8194,1,0.0176,0,5.382,0,0,0,0,0,0,1
20260926-090514_laneA_exp1_prompt_vs_steer_issuebench_qwen3-8b,issuebench-sample-348827,steered_pos,42,46,1.0,1,0.025,0,20.917,0,0,0,0,0,1,0
20260926-090514_laneA_exp1_prompt_vs_steer_issuebench_qwen3-8b,issuebench-sample-75097,steered_pos,368,510,0.9098,1,0.0082,0,6.182,1,0,0,0,0,0,1
20260926-090514_laneA_exp1_prompt_vs_steer_issuebench_qwen3-8b,issuebench-sample-116340,steered_pos,42,56,1.0,1,0.025,0,26.16,0,0,0,0,0,1,0
20260926-090514_laneA_exp1_prompt_vs_steer_issuebench_qwen3-8b,issuebench-sample-594336,steered_pos,342,512,0.9412,1,0.0088,0,5.081,1,0,0,0,0,0,1
20260926-090514_laneA_exp1_prompt_vs_steer_issuebench_qwen3-8b,issuebench-sample-385637,steered_pos,435,512,0.5635,1,0.0439,0,2.935,1,1,0,0,0,0,1
20260926-090514_laneA_exp1_prompt_vs_steer_issuebench_qwen3-8b,issuebench-sample-333381,steered_pos,89,122,0.977,1,0.023,0,14.548,0,0,0,0,0,0,1
20260926-090514_laneA_exp1_prompt_vs_steer_issuebench_qwen3-8b,issuebench-sample-243482,steered_pos,442,512,0.4568,1,0.0523,0,2.342,1,1,0,1,0,0,0
20260926-090514_laneA_exp1_prompt_vs_steer_issuebench_qwen3-8b,issuebench-sample-503748,steered_pos,314,512,0.5705,1,0.0288,0,2.772,1,0,0,0,0,0,1
20260926-090514_laneA_exp1_prompt_vs_steer_issuebench_qwen3-8b,issuebench-sample-522099,steered_pos,397,512,0.1418,1,0.1291,0,1.531,1,1,0,1,0,0,0
20260926-090514_laneA_exp1_prompt_vs_steer_issuebench_qwen3-8b,issuebench-sample-606016,steered_pos,126,191,1.0,1,0.0081,0,12.08,0,0,0,0,0,0,1
20260926-090514_laneA_exp1_prompt_vs_steer_issuebench_qwen3-8b,issuebench-sample-368130,steered_pos,58,81,1.0,1,0.0179,0,17.831,0,0,0,0,0,1,0
20260926-090514_laneA_exp1_prompt_vs_steer_issuebench_qwen3-8b,issuebench-sample-359302,steered_pos,413,512,0.7956,1,0.0414,0,4.705,1,0,0,0,0,0,1
20260926-090514_laneA_exp1_prompt_vs_steer_issuebench_qwen3-8b,issuebench-sample-610726,steered_pos,318,512,0.4684,23,0.0854,0,2.314,1,0,0,1,1,0,0
20260926-090514_laneA_exp1_prompt_vs_steer_issuebench_qwen3-8b,issuebench-sample-519816,steered_pos,407,512,0.9185,1,0.0123,0,4.357,1,0,0,0,0,0,1
20260926-090514_laneA_exp1_prompt_vs_steer_issuebench_qwen3-8b,issuebench-sample-565963,steered_pos,22,28,1.0,1,0.05,0,16.001,0,0,0,0,0,1,0
20260926-090514_laneA_exp1_prompt_vs_steer_issuebench_qwen3-8b,issuebench-sample-559862,steered_pos,135,224,0.9398,1,0.0226,0,8.935,0,0,0,0,0,0,1
20260926-090514_laneA_exp1_prompt_vs_steer_issuebench_qwen3-8b,issuebench-sample-371868,steered_pos,104,148,0.9902,1,0.0196,0,13.361,0,0,0,0,0,0,1
20260926-090514_laneA_exp1_prompt_vs_steer_issuebench_qwen3-8b,issuebench-sample-434633,steered_pos,375,512,0.1635,56,0.1635,0,1.484,1,1,0,1,1,0,0
20260926-090514_laneA_exp1_prompt_vs_steer_issuebench_qwen3-8b,issuebench-sample-160362,steered_pos,51,66,0.9796,1,0.0408,0,14.392,0,0,0,0,0,0,1
20260926-090514_laneA_exp1_prompt_vs_steer_issuebench_qwen3-8b,issuebench-sample-387918,steered_pos,96,118,0.9681,1,0.0213,0,8.155,0,0,0,0,0,0,1
20260926-090514_laneA_exp1_prompt_vs_steer_issuebench_qwen3-8b,issuebench-sample-306662,steered_pos,226,287,0.9509,1,0.0179,0,5.918,0,0,0,0,0,0,1
20260926-090514_laneA_exp1_prompt_vs_steer_issuebench_qwen3-8b,issuebench-sample-96199,steered_pos,282,460,0.9143,1,0.0107,0,6.362,0,0,0,0,0,0,1
20260926-090514_laneA_exp1_prompt_vs_steer_issuebench_qwen3-8b,issuebench-sample-114786,steered_pos,364,512,0.6878,1,0.0304,0,2.88,1,0,0,0,0,0,1
20260926-090514_laneA_exp1_prompt_vs_steer_issuebench_qwen3-8b,issuebench-sample-613959,steered_pos,67,82,1.0,1,0.0154,0,13.622,0,0,0,0,0,0,1
20260926-090514_laneA_exp1_prompt_vs_steer_issuebench_qwen3-8b,issuebench-sample-598529,steered_pos,389,512,0.4884,1,0.0672,0,3.094,1,1,0,1,0,0,0
20260926-090514_laneA_exp1_prompt_vs_steer_issuebench_qwen3-8b,issuebench-sample-498994,steered_pos,215,296,0.8216,1,0.0188,0,4.952,0,0,0,0,0,0,1
20260926-090514_laneA_exp1_prompt_vs_steer_issuebench_qwen3-8b,issuebench-sample-328370,steered_pos,134,169,0.9773,1,0.0152,0,8.327,0,0,0,0,0,0,1
20260926-090514_laneA_exp1_prompt_vs_steer_issuebench_qwen3-8b,issuebench-sample-249766,steered_pos,407,512,0.4321,1,0.0741,0,2.372,1,1,0,1,0,0,0
20260926-090514_laneA_exp1_prompt_vs_steer_issuebench_qwen3-8b,issuebench-sample-203626,steered_pos,348,512,0.526,1,0.0694,0,3.05,1,1,0,0,0,0,1
20260926-090514_laneA_exp1_prompt_vs_steer_issuebench_qwen3-8b,issuebench-sample-176059,steered_pos,203,279,0.8756,1,0.0299,0,5.763,0,0,0,0,0,0,1
20260926-090514_laneA_exp1_prompt_vs_steer_issuebench_qwen3-8b,issuebench-sample-519176,steered_pos,396,512,0.2056,36,0.1193,0,1.932,1,1,0,1,1,0,0
20260926-090514_laneA_exp1_prompt_vs_steer_issuebench_qwen3-8b,issuebench-sample-30179,steered_pos,268,408,0.9211,1,0.015,0,4.622,0,0,0,0,0,0,1
20260926-090514_laneA_exp1_prompt_vs_steer_issuebench_qwen3-8b,issuebench-sample-19539,steered_pos,416,512,0.8551,1,0.0145,0,6.035,1,0,0,0,0,0,1
20260926-090514_laneA_exp1_prompt_vs_steer_issuebench_qwen3-8b,issuebench-sample-175920,steered_pos,200,257,0.6061,1,0.0455,0,5.025,0,0,0,0,0,0,1
20260926-090514_laneA_exp1_prompt_vs_steer_issuebench_qwen3-8b,issuebench-sample-53947,steered_pos,379,512,0.2706,1,0.0584,0,1.816,1,1,0,1,0,0,0
20260926-090514_laneA_exp1_prompt_vs_steer_issuebench_qwen3-8b,issuebench-sample-594939,steered_pos,371,512,0.9241,1,0.019,0,5.396,1,0,0,0,0,0,1
20260926-090514_laneA_exp1_prompt_vs_steer_issuebench_qwen3-8b,issuebench-sample-245958,steered_pos,412,512,0.9439,1,0.0073,0,6.019,1,0,0,0,0,0,1
20260926-090514_laneA_exp1_prompt_vs_steer_issuebench_qwen3-8b,issuebench-sample-265924,steered_pos,308,512,0.8203,1,0.0131,0,2.173,1,0,0,0,0,0,1
20260926-090514_laneA_exp1_prompt_vs_steer_issuebench_qwen3-8b,issuebench-sample-205406,steered_pos,106,164,0.8077,1,0.1058,0,4.936,0,0,0,0,0,0,1
20260926-090514_laneA_exp1_prompt_vs_steer_issuebench_qwen3-8b,issuebench-sample-273875,steered_pos,28,48,0.9615,1,0.0769,0,14.394,0,0,0,0,0,0,1
20260926-090514_laneA_exp1_prompt_vs_steer_issuebench_qwen3-8b,issuebench-sample-48996,steered_pos,196,291,0.866,1,0.0155,0,6.794,0,0,0,0,0,0,1
20260926-090514_laneA_exp1_prompt_vs_steer_issuebench_qwen3-8b,issuebench-sample-302662,steered_pos,353,512,0.8262,1,0.0142,0,4.211,1,0,0,0,0,0,1
20260926-090514_laneA_exp1_prompt_vs_steer_issuebench_qwen3-8b,issuebench-sample-486783,steered_pos,46,67,1.0,1,0.0227,0,19.952,0,0,0,0,0,1,0
20260926-090514_laneA_exp1_prompt_vs_steer_issuebench_qwen3-8b,issuebench-sample-471632,steered_pos,420,512,0.7488,1,0.0359,0,3.657,1,0,0,0,0,0,1
20260926-090514_laneA_exp1_prompt_vs_steer_issuebench_qwen3-8b,issuebench-sample-409224,steered_pos,350,512,0.2644,1,0.0259,0,1.884,1,1,0,1,0,0,0
20260926-090514_laneA_exp1_prompt_vs_steer_issuebench_qwen3-8b,issuebench-sample-61943,steered_pos,369,512,0.6839,1,0.079,0,3.105,1,0,0,0,0,0,1
20260926-090514_laneA_exp1_prompt_vs_steer_issuebench_qwen3-8b,issuebench-sample-76239,steered_pos,389,512,0.6408,1,0.0853,0,4.504,1,0,0,0,0,0,1
20260926-090514_laneA_exp1_prompt_vs_steer_issuebench_qwen3-8b,issuebench-sample-518174,steered_pos,209,512,0.314,1,0.0628,0,1.817,1,1,0,1,0,0,0
20260926-090514_laneA_exp1_prompt_vs_steer_issuebench_qwen3-8b,issuebench-sample-134785,steered_pos,383,512,0.7034,1,0.021,0,3.618,1,0,0,0,0,0,1
20260926-090514_laneA_exp1_prompt_vs_steer_issuebench_qwen3-8b,issuebench-sample-57904,steered_pos,426,512,0.8396,1,0.0259,0,3.766,1,0,0,0,0,0,1
20260926-090514_laneA_exp1_prompt_vs_steer_issuebench_qwen3-8b,issuebench-sample-417246,steered_pos,300,512,0.6107,1,0.0235,0,1.943,1,0,0,0,0,0,1
20260926-090514_laneA_exp1_prompt_vs_steer_issuebench_qwen3-8b,issuebench-sample-220242,steered_pos,396,512,0.9391,1,0.0102,0,5.609,1,0,0,0,0,0,1
20260926-090514_laneA_exp1_prompt_vs_steer_issuebench_qwen3-8b,issuebench-sample-478381,steered_pos,96,139,0.9574,1,0.0213,0,14.744,0,0,0,0,0,0,1
20260926-090514_laneA_exp1_prompt_vs_steer_issuebench_qwen3-8b,issuebench-sample-513365,steered_pos,404,512,0.3085,1,0.1667,0,1.916,1,1,0,1,0,0,0
20260926-090514_laneA_exp1_prompt_vs_steer_issuebench_qwen3-8b,issuebench-sample-157326,steered_pos,203,303,0.9801,1,0.0149,0,7.797,0,0,0,0,0,0,1
20260926-090514_laneA_exp1_prompt_vs_steer_issuebench_qwen3-8b,issuebench-sample-458503,steered_pos,51,73,0.9796,1,0.0408,0,17.581,0,0,0,0,0,1,0
20260926-090514_laneA_exp1_prompt_vs_steer_issuebench_qwen3-8b,issuebench-sample-378853,steered_pos,24,35,1.0,1,0.0455,0,32.957,0,0,0,0,0,1,0
20260926-090514_laneA_exp1_prompt_vs_steer_issuebench_qwen3-8b,issuebench-sample-10693,steered_pos,43,70,1.0,1,0.0244,0,23.115,0,0,0,0,0,1,0
20260926-090514_laneA_exp1_prompt_vs_steer_issuebench_qwen3-8b,issuebench-sample-195853,steered_pos,62,81,0.9833,1,0.0333,0,12.796,0,0,0,0,0,0,1
20260926-090514_laneA_exp1_prompt_vs_steer_issuebench_qwen3-8b,issuebench-sample-303525,steered_pos,34,46,0.9688,1,0.0625,0,17.632,0,0,0,0,0,1,0
20260926-090514_laneA_exp1_prompt_vs_steer_issuebench_qwen3-8b,issuebench-sample-148396,steered_pos,436,512,0.4286,1,0.0415,0,2.007,1,1,0,1,0,0,0
20260926-090514_laneA_exp1_prompt_vs_steer_issuebench_qwen3-8b,issuebench-sample-433897,steered_pos,316,512,0.9554,1,0.0096,0,3.789,1,0,0,0,0,0,1
20260926-090514_laneA_exp1_prompt_vs_steer_issuebench_qwen3-8b,issuebench-sample-292353,steered_pos,411,512,0.3276,1,0.1516,0,2.115,1,1,0,1,0,0,0
20260926-090514_laneA_exp1_prompt_vs_steer_issuebench_qwen3-8b,issuebench-sample-124301,steered_pos,55,79,0.9623,1,0.0566,0,26.003,0,0,0,0,0,1,0
20260926-090514_laneA_exp1_prompt_vs_steer_issuebench_qwen3-8b,issuebench-sample-574314,steered_pos,358,512,0.368,1,0.1096,0,1.778,1,1,0,1,0,0,0
20260926-090514_laneA_exp1_prompt_vs_steer_issuebench_qwen3-8b,issuebench-sample-612923,steered_pos,447,512,0.1258,1,0.1169,0,1.586,1,1,0,1,0,0,0
20260926-090514_laneA_exp1_prompt_vs_steer_issuebench_qwen3-8b,issuebench-sample-155128,steered_pos,107,168,0.9333,1,0.0286,0,8.45,0,0,0,0,0,0,1
20260926-090514_laneA_exp1_prompt_vs_steer_issuebench_qwen3-8b,issuebench-sample-28299,steered_pos,32,51,0.9667,1,0.0667,0,15.062,0,0,0,0,0,0,1
20260926-090514_laneA_exp1_prompt_vs_steer_issuebench_qwen3-8b,issuebench-sample-75580,steered_pos,286,388,0.9577,1,0.0141,0,5.518,0,0,0,0,0,0,1
20260926-090514_laneA_exp1_prompt_vs_steer_issuebench_qwen3-8b,issuebench-sample-295825,steered_pos,185,298,1.0,1,0.0055,0,9.599,0,0,0,0,0,0,1
20260926-090514_laneA_exp1_prompt_vs_steer_issuebench_qwen3-8b,issuebench-sample-62227,steered_pos,454,512,0.177,1,0.0885,0,1.564,1,1,0,1,0,0,0
20260926-090514_laneA_exp1_prompt_vs_steer_issuebench_qwen3-8b,issuebench-sample-374359,steered_pos,337,512,0.9612,1,0.006,0,5.585,1,0,0,0,0,0,1
20260926-090514_laneA_exp1_prompt_vs_steer_issuebench_qwen3-8b,issuebench-sample-161255,steered_pos,149,191,0.9864,1,0.0136,0,11.962,0,0,0,0,0,0,1
20260926-090514_laneA_exp1_prompt_vs_steer_issuebench_qwen3-8b,issuebench-sample-396757,steered_pos,226,324,0.9554,1,0.0134,0,7.529,0,0,0,0,0,0,1
20260926-090514_laneA_exp1_prompt_vs_steer_issuebench_qwen3-8b,issuebench-sample-199979,steered_pos,428,512,0.6033,1,0.061,0,3.351,1,0,0,0,0,0,1
20260926-090514_laneA_exp1_prompt_vs_steer_issuebench_qwen3-8b,issuebench-sample-583606,steered_pos,416,512,0.9493,1,0.0097,0,5.045,1,0,0,0,0,0,1
20260926-090514_laneA_exp1_prompt_vs_steer_issuebench_qwen3-8b,issuebench-sample-579325,steered_pos,162,199,0.5062,1,0.0125,0,4.271,0,0,0,0,0,0,1
20260926-090514_laneA_exp1_prompt_vs_steer_issuebench_qwen3-8b,issuebench-sample-169935,steered_pos,214,291,0.6698,4,0.0708,0,4.798,0,0,0,0,1,0,0
20260926-090514_laneA_exp1_prompt_vs_steer_issuebench_qwen3-8b,issuebench-sample-354662,steered_pos,108,135,0.9906,1,0.0189,0,10.346,0,0,0,0,0,0,1
20260926-090514_laneA_exp1_prompt_vs_steer_issuebench_qwen3-8b,issuebench-sample-413527,steered_pos,152,229,0.6133,1,0.0267,0,3.832,0,0,0,0,0,0,1
20260926-090514_laneA_exp1_prompt_vs_steer_issuebench_qwen3-8b,issuebench-sample-291217,steered_pos,413,512,0.399,2,0.1071,0,2.721,1,1,0,1,0,0,0
20260926-090514_laneA_exp1_prompt_vs_steer_issuebench_qwen3-8b,issuebench-sample-429961,steered_pos,398,512,0.803,1,0.0202,0,4.372,1,0,0,0,0,0,1
20260926-090514_laneA_exp1_prompt_vs_steer_issuebench_qwen3-8b,issuebench-sample-314991,steered_pos,344,497,0.848,1,0.0234,0,5.137,1,0,0,0,0,0,1
20260926-090514_laneA_exp1_prompt_vs_steer_issuebench_qwen3-8b,issuebench-sample-314368,steered_pos,214,474,0.9057,1,0.0142,0,3.834,0,0,0,0,0,0,1
20260926-090514_laneA_exp1_prompt_vs_steer_issuebench_qwen3-8b,issuebench-sample-560109,steered_pos,214,512,0.6226,3,0.0283,0,2.344,1,0,0,0,0,0,1
20260926-090514_laneA_exp1_prompt_vs_steer_issuebench_qwen3-8b,issuebench-sample-515381,steered_pos,55,64,1.0,1,0.0189,0,5.724,0,0,0,0,0,0,1
20260926-090514_laneA_exp1_prompt_vs_steer_issuebench_qwen3-8b,issuebench-sample-543212,steered_pos,394,512,0.898,1,0.0128,0,4.79,1,0,0,0,0,0,1
20260926-090514_laneA_exp1_prompt_vs_steer_issuebench_qwen3-8b,issuebench-sample-253224,steered_pos,210,279,0.9808,1,0.0096,0,6.76,0,0,0,0,0,0,1
20260926-090514_laneA_exp1_prompt_vs_steer_issuebench_qwen3-8b,issuebench-sample-286724,steered_pos,59,89,1.0,1,0.0175,0,28.187,0,0,0,0,0,1,0
20260926-090514_laneA_exp1_prompt_vs_steer_issuebench_qwen3-8b,issuebench-sample-560892,steered_pos,280,402,0.9101,1,0.0144,0,9.931,0,0,0,0,0,0,1
20260926-090514_laneA_exp1_prompt_vs_steer_issuebench_qwen3-8b,issuebench-sample-395138,steered_pos,448,512,0.3386,1,0.083,0,2.128,1,1,0,1,0,0,0
20260926-090514_laneA_exp1_prompt_vs_steer_issuebench_qwen3-8b,issuebench-sample-382202,steered_pos,408,512,0.2463,1,0.0493,0,1.661,1,1,0,1,0,0,0
20260926-090514_laneA_exp1_prompt_vs_steer_issuebench_qwen3-8b,issuebench-sample-368369,steered_pos,294,372,0.661,1,0.0205,0,3.273,0,0,0,0,0,0,1
20260926-090514_laneA_exp1_prompt_vs_steer_issuebench_qwen3-8b,issuebench-sample-460538,steered_pos,248,373,0.7927,1,0.0325,0,5.648,0,0,0,0,0,0,1
20260926-090514_laneA_exp1_prompt_vs_steer_issuebench_qwen3-8b,issuebench-sample-13380,steered_pos,111,191,0.9908,1,0.0183,0,6.161,0,0,0,0,0,0,1
20260926-090514_laneA_exp1_prompt_vs_steer_issuebench_qwen3-8b,issuebench-sample-525105,steered_pos,411,512,0.3399,1,0.0342,0,1.953,1,1,0,1,0,0,0
20260926-090514_laneA_exp1_prompt_vs_steer_issuebench_qwen3-8b,issuebench-sample-225027,steered_pos,302,512,0.39,1,0.0733,0,1.875,1,1,0,1,0,0,0
20260926-090514_laneA_exp1_prompt_vs_steer_issuebench_qwen3-8b,issuebench-sample-198663,steered_pos,49,65,1.0,1,0.0213,0,10.799,0,0,0,0,0,0,1
20260926-090514_laneA_exp1_prompt_vs_steer_issuebench_qwen3-8b,issuebench-sample-82509,steered_pos,124,163,0.8443,1,0.0656,0,6.553,0,0,0,0,0,0,1
20260926-090514_laneA_exp1_prompt_vs_steer_issuebench_qwen3-8b,issuebench-sample-133858,steered_pos,298,512,0.1149,6,0.0608,0,1.324,1,1,0,1,1,0,0
20260926-090514_laneA_exp1_prompt_vs_steer_issuebench_qwen3-8b,issuebench-sample-570841,steered_pos,285,371,0.9293,1,0.0141,0,6.507,0,0,0,0,0,0,1
20260926-090514_laneA_exp1_prompt_vs_steer_issuebench_qwen3-8b,issuebench-sample-298790,steered_pos,30,57,1.0,1,0.0357,0,27.375,0,0,0,0,0,1,0
20260926-090514_laneA_exp1_prompt_vs_steer_issuebench_qwen3-8b,issuebench-sample-104567,steered_pos,106,177,0.9327,1,0.0192,0,13.485,0,0,0,0,0,0,1
20260926-090514_laneA_exp1_prompt_vs_steer_issuebench_qwen3-8b,issuebench-sample-375196,steered_pos,198,291,0.9031,1,0.0255,0,8.331,0,0,0,0,0,0,1
20260926-090514_laneA_exp1_prompt_vs_steer_issuebench_qwen3-8b,issuebench-sample-49509,steered_pos,17,28,1.0,1,0.0667,0,48.709,0,0,0,0,0,1,0
20260926-090514_laneA_exp1_prompt_vs_steer_issuebench_qwen3-8b,issuebench-sample-480919,steered_pos,405,512,0.3524,1,0.0695,0,2.073,1,1,0,1,0,0,0
20260926-090514_laneA_exp1_prompt_vs_steer_issuebench_qwen3-8b,issuebench-sample-364784,steered_pos,246,323,0.9508,1,0.0123,0,8.934,0,0,0,0,0,0,1
20260926-090514_laneA_exp1_prompt_vs_steer_issuebench_qwen3-8b,issuebench-sample-404062,steered_pos,390,512,0.3608,1,0.1314,0,2.849,1,1,0,1,0,0,0
20260926-090514_laneA_exp1_prompt_vs_steer_issuebench_qwen3-8b,issuebench-sample-36734,steered_pos,343,512,0.915,1,0.0088,0,4.708,1,0,0,0,0,0,1
20260926-090514_laneA_exp1_prompt_vs_steer_issuebench_qwen3-8b,issuebench-sample-51660,steered_pos,394,512,0.6607,1,0.1454,0,2.958,1,0,0,0,0,0,1
20260926-090514_laneA_exp1_prompt_vs_steer_issuebench_qwen3-8b,issuebench-sample-611680,steered_pos,274,396,0.3676,3,0.0588,0,2.973,0,1,0,1,0,0,0
20260926-090514_laneA_exp1_prompt_vs_steer_issuebench_qwen3-8b,issuebench-sample-133847,steered_pos,254,512,0.0119,1,0.9921,0,1.083,1,1,0,1,0,0,0
20260926-090514_laneA_exp1_prompt_vs_steer_issuebench_qwen3-8b,issuebench-sample-132182,steered_pos,19,26,1.0,1,0.0588,0,20.135,0,0,0,0,0,1,0
20260926-090514_laneA_exp1_prompt_vs_steer_issuebench_qwen3-8b,issuebench-sample-443402,steered_pos,309,412,0.8469,1,0.0195,0,4.306,0,0,0,0,0,0,1
20260926-090514_laneA_exp1_prompt_vs_steer_issuebench_qwen3-8b,issuebench-sample-283916,steered_pos,440,512,0.4886,1,0.0822,0,2.496,1,1,0,1,0,0,0
20260926-090514_laneA_exp1_prompt_vs_steer_issuebench_qwen3-8b,issuebench-sample-597900,steered_pos,429,512,0.5691,1,0.0258,0,3.054,1,1,0,0,0,0,1
20260926-090514_laneA_exp1_prompt_vs_steer_issuebench_qwen3-8b,issuebench-sample-301402,steered_pos,95,155,0.957,1,0.0323,0,9.74,0,0,0,0,0,0,1
20260926-090514_laneA_exp1_prompt_vs_steer_issuebench_qwen3-8b,issuebench-sample-289722,steered_pos,443,512,0.1633,1,0.1293,0,1.535,1,1,0,1,0,0,0
20260926-090514_laneA_exp1_prompt_vs_steer_issuebench_qwen3-8b,issuebench-sample-601385,steered_pos,142,173,0.9643,1,0.0214,0,6.489,0,0,0,0,0,0,1
20260926-090514_laneA_exp1_prompt_vs_steer_issuebench_qwen3-8b,issuebench-sample-608450,steered_pos,311,391,0.7282,1,0.0324,0,3.731,0,0,0,0,0,0,1
20260926-090514_laneA_exp1_prompt_vs_steer_issuebench_qwen3-8b,issuebench-sample-614224,steered_pos,24,35,1.0,1,0.0455,0,19.634,0,0,0,0,0,1,0
20260926-090514_laneA_exp1_prompt_vs_steer_issuebench_qwen3-8b,issuebench-sample-193885,steered_pos,319,456,0.5426,1,0.0379,0,3.79,0,1,0,0,0,0,1
20260926-090514_laneA_exp1_prompt_vs_steer_issuebench_qwen3-8b,issuebench-sample-523662,steered_pos,196,387,0.8505,1,0.0412,0,5.205,0,0,0,0,0,0,1
20260926-090514_laneA_exp1_prompt_vs_steer_issuebench_qwen3-8b,issuebench-sample-198788,steered_pos,128,170,0.9762,1,0.0159,0,8.368,0,0,0,0,0,0,1
20260926-090514_laneA_exp1_prompt_vs_steer_issuebench_qwen3-8b,issuebench-sample-24672,steered_pos,220,321,0.8945,1,0.0138,0,6.235,0,0,0,0,0,0,1
20260926-090514_laneA_exp1_prompt_vs_steer_issuebench_qwen3-8b,issuebench-sample-354968,steered_pos,159,198,0.8471,1,0.0191,0,7.041,0,0,0,0,0,0,1
20260926-090514_laneA_exp1_prompt_vs_steer_issuebench_qwen3-8b,issuebench-sample-426506,steered_pos,109,135,1.0,1,0.0093,0,8.668,0,0,0,0,0,0,1
20260926-090514_laneA_exp1_prompt_vs_steer_issuebench_qwen3-8b,issuebench-sample-548473,steered_pos,92,131,0.9333,1,0.0333,0,14.522,0,0,0,0,0,0,1
