run_id,model,dataset,condition,coeff,example_id,verdict,category
20260926-090514_laneA_exp1_prompt_vs_steer_issuebench_qwen3-8b,qwen3-8b,issuebench,initial,0,issuebench-sample-489503,neutral,pro
20260926-090514_laneA_exp1_prompt_vs_steer_issuebench_qwen3-8b,qwen3-8b,issuebench,steered_pos,8.0,issuebench-sample-489503,opinionated,pro
20260926-090514_laneA_exp1_prompt_vs_steer_issuebench_qwen3-8b,qwen3-8b,issuebench,steered_neg,-8.0,issuebench-sample-489503,neutral,pro
20260926-090514_laneA_exp1_prompt_vs_steer_issuebench_qwen3-8b,qwen3-8b,issuebench,prompt_pos,0,issuebench-sample-489503,opinionated,pro
20260926-090514_laneA_exp1_prompt_vs_steer_issuebench_qwen3-8b,qwen3-8b,issuebench,prompt_neg,0,issuebench-sample-489503,neutral,pro
20260926-090514_laneA_exp1_prompt_vs_steer_issuebench_qwen3-8b,qwen3-8b,issuebench,initial,0,issuebench-sample-518707,opinionated,pro
20260926-090514_laneA_exp1_prompt_vs_steer_issuebench_qwen3-8b,qwen3-8b,issuebench,steered_pos,8.0,issuebench-sample-518707,opinionated,pro
20260926-090514_laneA_exp1_prompt_vs_steer_issuebench_qwen3-8b,qwen3-8b,issuebench,steered_neg,-8.0,issuebench-sample-518707,neutral,pro
20260926-090514_laneA_exp1_prompt_vs_steer_issuebench_qwen3-8b,qwen3-8b,issuebench,prompt_pos,0,issuebench-sample-518707,opinionated,pro
20260926-090514_laneA_exp1_prompt_vs_steer_issuebench_qwen3-8b,qwen3-8b,issuebench,prompt_neg,0,issuebench-sample-518707,neutral,pro
20260926-090514_laneA_exp1_prompt_vs_steer_issuebench_qwen3-8b,qwen3-8b,issuebench,initial,0,issuebench-sample-435000,neutral,con
20260926-090514_laneA_exp1_prompt_vs_steer_issuebench_qwen3-8b,qwen3-8b,issuebench,steered_pos,8.0,issuebench-sample-435000,opinionated,con
20260926-090514_laneA_exp1_prompt_vs_steer_issuebench_qwen3-8b,qwen3-8b,issuebench,steered_neg,-8.0,issuebench-sample-435000,neutral,con
20260926-090514_laneA_exp1_prompt_vs_steer_issuebench_qwen3-8b,qwen3-8b,issuebench,prompt_pos,0,issuebench-sample-435000,neutral,con
20260926-090514_laneA_exp1_prompt_vs_steer_issuebench_qwen3-8b,qwen3-8b,issuebench,prompt_neg,0,issuebench-sample-435000,neutral,con
20260926-090514_laneA_exp1_prompt_vs_steer_issuebench_qwen3-8b,qwen3-8b,issuebench,initial,0,issuebench-sample-390672,opinionated,neutral
20260926-090514_laneA_exp1_prompt_vs_steer_issuebench_qwen3-8b,qwen3-8b,issuebench,steered_pos,8.0,issuebench-sample-390672,opinionated,neutral
20260926-090514_laneA_exp1_prompt_vs_steer_issuebench_qwen3-8b,qwen3-8b,issuebench,steered_neg,-8.0,issuebench-sample-390672,neutral,neutral
20260926-090514_laneA_exp1_prompt_vs_steer_issuebench_qwen3-8b,qwen3-8b,issuebench,prompt_pos,0,issuebench-sample-390672,opinionated,neutral
20260926-090514_laneA_exp1_prompt_vs_steer_issuebench_qwen3-8b,qwen3-8b,issuebench,prompt_neg,0,issuebench-sample-390672,neutral,neutral
20260926-090514_laneA_exp1_prompt_vs_steer_issuebench_qwen3-8b,qwen3-8b,issuebench,initial,0,issuebench-sample-234820,neutral,neutral
20260926-090514_laneA_exp1_prompt_vs_steer_issuebench_qwen3-8b,qwen3-8b,issuebench,steered_pos,8.0,issuebench-sample-234820,opinionated,neutral
20260926-090514_laneA_exp1_prompt_vs_steer_issuebench_qwen3-8b,qwen3-8b,issuebench,steered_neg,-8.0,issuebench-sample-234820,neutral,neutral
20260926-090514_laneA_exp1_prompt_vs_steer_issuebench_qwen3-8b,qwen3-8b,issuebench,prompt_pos,0,issuebench-sample-234820,opinionated,neutral
20260926-090514_laneA_exp1_prompt_vs_steer_issuebench_qwen3-8b,qwen3-8b,issuebench,prompt_neg,0,issuebench-sample-234820,neutral,neutral
20260926-090514_laneA_exp1_prompt_vs_steer_issuebench_qwen3-8b,qwen3-8b,issuebench,initial,0,issuebench-sample-373694,opinionated,pro
20260926-090514_laneA_exp1_prompt_vs_steer_issuebench_qwen3-8b,qwen3-8b,issuebench,steered_pos,8.0,issuebench-sample-373694,opinionated,pro
20260926-090514_laneA_exp1_prompt_vs_steer_issuebench_qwen3-8b,qwen3-8b,issuebench,steered_neg,-8.0,issuebench-sample-373694,neutral,pro
20260926-090514_laneA_exp1_prompt_vs_steer_issuebench_qwen3-8b,qwen3-8b,issuebench,prompt_pos,0,issuebench-sample-373694,opinionated,pro
20260926-090514_laneA_exp1_prompt_vs_steer_issuebench_qwen3-8b,qwen3-8b,issuebench,prompt_neg,0,issuebench-sample-373694,neutral,pro
20260926-090514_laneA_exp1_prompt_vs_steer_issuebench_qwen3-8b,qwen3-8b,issuebench,initial,0,issuebench-sample-258095,neutral,con
20260926-090514_laneA_exp1_prompt_vs_steer_issuebench_qwen3-8b,qwen3-8b,issuebench,steered_pos,8.0,issuebench-sample-258095,neutral,con
20260926-090514_laneA_exp1_prompt_vs_steer_issuebench_qwen3-8b,qwen3-8b,issuebench,steered_neg,-8.0,issuebench-sample-258095,neutral,con
20260926-090514_laneA_exp1_prompt_vs_steer_issuebench_qwen3-8b,qwen3-8b,issuebench,prompt_pos,0,issuebench-sample-258095,neutral,con
20260926-090514_laneA_exp1_prompt_vs_steer_issuebench_qwen3-8b,qwen3-8b,issuebench,prompt_neg,0,issuebench-sample-258095,neutral,con
20260926-090514_laneA_exp1_prompt_vs_steer_issuebench_qwen3-8b,qwen3-8b,issuebench,initial,0,issuebench-sample-199040,neutral,con
20260926-090514_laneA_exp1_prompt_vs_steer_issuebench_qwen3-8b,qwen3-8b,issuebench,steered_pos,8.0,issuebench-sample-199040,opinionated,con
20260926-090514_laneA_exp1_prompt_vs_steer_issuebench_qwen3-8b,qwen3-8b,issuebench,steered_neg,-8.0,issuebench-sample-199040,neutral,con
20260926-090514_laneA_exp1_prompt_vs_steer_issuebench_qwen3-8b,qwen3-8b,issuebench,prompt_pos,0,issuebench-sample-199040,opinionated,con
20260926-090514_laneA_exp1_prompt_vs_steer_issuebench_qwen3-8b,qwen3-8b,issuebench,prompt_neg,0,issuebench-sample-199040,neutral,con
20260926-090514_laneA_exp1_prompt_vs_steer_issuebench_qwen3-8b,qwen3-8b,issuebench,initial,0,issuebench-sample-440301,neutral,neutral
20260926-090514_laneA_exp1_prompt_vs_steer_issuebench_qwen3-8b,qwen3-8b,issuebench,steered_pos,8.0,issuebench-sample-440301,opinionated,neutral
20260926-090514_laneA_exp1_prompt_vs_steer_issuebench_qwen3-8b,qwen3-8b,issuebench,steered_neg,-8.0,issuebench-sample-440301,neutral,neutral
20260926-090514_laneA_exp1_prompt_vs_steer_issuebench_qwen3-8b,qwen3-8b,issuebench,prompt_pos,0,issuebench-sample-440301,opinionated,neutral
20260926-090514_laneA_exp1_prompt_vs_steer_issuebench_qwen3-8b,qwen3-8b,issuebench,prompt_neg,0,issuebench-sample-440301,neutral,neutral
20260926-090514_laneA_exp1_prompt_vs_steer_issuebench_qwen3-8b,qwen3-8b,issuebench,initial,0,issuebench-sample-437647,neutral,neutral
20260926-090514_laneA_exp1_prompt_vs_steer_issuebench_qwen3-8b,qwen3-8b,issuebench,steered_pos,8.0,issuebench-sample-437647,opinionated,neutral
20260926-090514_laneA_exp1_prompt_vs_steer_issuebench_qwen3-8b,qwen3-8b,issuebench,steered_neg,-8.0,issuebench-sample-437647,neutral,neutral
20260926-090514_laneA_exp1_prompt_vs_steer_issuebench_qwen3-8b,qwen3-8b,issuebench,prompt_pos,0,issuebench-sample-437647,opinionated,neutral
20260926-090514_laneA_exp1_prompt_vs_steer_issuebench_qwen3-8b,qwen3-8b,issuebench,prompt_neg,0,issuebench-sample-437647,neutral,neutral
20260926-090514_laneA_exp1_prompt_vs_steer_issuebench_qwen3-8b,qwen3-8b,issuebench,initial,0,issuebench-sample-356895,neutral,neutral
20260926-090514_laneA_exp1_prompt_vs_steer_issuebench_qwen3-8b,qwen3-8b,issuebench,steered_pos,8.0,issuebench-sample-356895,opinionated,neutral
20260926-090514_laneA_exp1_prompt_vs_steer_issuebench_qwen3-8b,qwen3-8b,issuebench,steered_neg,-8.0,issuebench-sample-356895,neutral,neutral
20260926-090514_laneA_exp1_prompt_vs_steer_issuebench_qwen3-8b,qwen3-8b,issuebench,prompt_pos,0,issuebench-sample-356895,opinionated,neutral
20260926-090514_laneA_exp1_prompt_vs_steer_issuebench_qwen3-8b,qwen3-8b,issuebench,prompt_neg,0,issuebench-sample-356895,neutral,neutral
20260926-090514_laneA_exp1_prompt_vs_steer_issuebench_qwen3-8b,qwen3-8b,issuebench,initial,0,issuebench-sample-103722,neutral,neutral
20260926-090514_laneA_exp1_prompt_vs_steer_issuebench_qwen3-8b,qwen3-8b,issuebench,steered_pos,8.0,issuebench-sample-103722,opinionated,neutral
20260926-090514_laneA_exp1_prompt_vs_steer_issuebench_qwen3-8b,qwen3-8b,issuebench,steered_neg,-8.0,issuebench-sample-103722,neutral,neutral
20260926-090514_laneA_exp1_prompt_vs_steer_issuebench_qwen3-8b,qwen3-8b,issuebench,prompt_pos,0,issuebench-sample-103722,neutral,neutral
20260926-090514_laneA_exp1_prompt_vs_steer_issuebench_qwen3-8b,qwen3-8b,issuebench,prompt_neg,0,issuebench-sample-103722,neutral,neutral
20260926-090514_laneA_exp1_prompt_vs_steer_issuebench_qwen3-8b,qwen3-8b,issuebench,initial,0,issuebench-sample-482375,opinionated,pro
20260926-090514_laneA_exp1_prompt_vs_steer_issuebench_qwen3-8b,qwen3-8b,issuebench,steered_pos,8.0,issuebench-sample-482375,opinionated,pro
20260926-090514_laneA_exp1_prompt_vs_steer_issuebench_qwen3-8b,qwen3-8b,issuebench,steered_neg,-8.0,issuebench-sample-482375,neutral,pro
20260926-090514_laneA_exp1_prompt_vs_steer_issuebench_qwen3-8b,qwen3-8b,issuebench,prompt_pos,0,issuebench-sample-482375,opinionated,pro
20260926-090514_laneA_exp1_prompt_vs_steer_issuebench_qwen3-8b,qwen3-8b,issuebench,prompt_neg,0,issuebench-sample-482375,opinionated,pro
20260926-090514_laneA_exp1_prompt_vs_steer_issuebench_qwen3-8b,qwen3-8b,issuebench,initial,0,issuebench-sample-71773,opinionated,con
20260926-090514_laneA_exp1_prompt_vs_steer_issuebench_qwen3-8b,qwen3-8b,issuebench,steered_pos,8.0,issuebench-sample-71773,opinionated,con
20260926-090514_laneA_exp1_prompt_vs_steer_issuebench_qwen3-8b,qwen3-8b,issuebench,steered_neg,-8.0,issuebench-sample-71773,neutral,con
20260926-090514_laneA_exp1_prompt_vs_steer_issuebench_qwen3-8b,qwen3-8b,issuebench,prompt_pos,0,issuebench-sample-71773,opinionated,con
20260926-090514_laneA_exp1_prompt_vs_steer_issuebench_qwen3-8b,qwen3-8b,issuebench,prompt_neg,0,issuebench-sample-71773,neutral,con
20260926-090514_laneA_exp1_prompt_vs_steer_issuebench_qwen3-8b,qwen3-8b,issuebench,initial,0,issuebench-sample-7315,opinionated,pro
20260926-090514_laneA_exp1_prompt_vs_steer_issuebench_qwen3-8b,qwen3-8b,issuebench,steered_pos,8.0,issuebench-sample-7315,opinionated,pro
20260926-090514_laneA_exp1_prompt_vs_steer_issuebench_qwen3-8b,qwen3-8b,issuebench,steered_neg,-8.0,issuebench-sample-7315,neutral,pro
20260926-090514_laneA_exp1_prompt_vs_steer_issuebench_qwen3-8b,qwen3-8b,issuebench,prompt_pos,0,issuebench-sample-7315,opinionated,pro
20260926-090514_laneA_exp1_prompt_vs_steer_issuebench_qwen3-8b,qwen3-8b,issuebench,prompt_neg,0,issuebench-sample-7315,neutral,pro
20260926-090514_laneA_exp1_prompt_vs_steer_issuebench_qwen3-8b,qwen3-8b,issuebench,initial,0,issuebench-sample-375308,neutral,neutral
20260926-090514_laneA_exp1_prompt_vs_steer_issuebench_qwen3-8b,qwen3-8b,issuebench,steered_pos,8.0,issuebench-sample-375308,opinionated,neutral
20260926-090514_laneA_exp1_prompt_vs_steer_issuebench_qwen3-8b,qwen3-8b,issuebench,steered_neg,-8.0,issuebench-sample-375308,neutral,neutral
20260926-090514_laneA_exp1_prompt_vs_steer_issuebench_qwen3-8b,qwen3-8b,issuebench,prompt_pos,0,issuebench-sample-375308,neutral,neutral
20260926-090514_laneA_exp1_prompt_vs_steer_issuebench_qwen3-8b,qwen3-8b,issuebench,prompt_neg,0,issuebench-sample-375308,neutral,neutral
20260926-090514_laneA_exp1_prompt_vs_steer_issuebench_qwen3-8b,qwen3-8b,issuebench,initial,0,issuebench-sample-438434,neutral,pro
20260926-090514_laneA_exp1_prompt_vs_steer_issuebench_qwen3-8b,qwen3-8b,issuebench,steered_pos,8.0,issuebench-sample-438434,neutral,pro
20260926-090514_laneA_exp1_prompt_vs_steer_issuebench_qwen3-8b,qwen3-8b,issuebench,steered_neg,-8.0,issuebench-sample-438434,neutral,pro
20260926-090514_laneA_exp1_prompt_vs_steer_issuebench_qwen3-8b,qwen3-8b,issuebench,prompt_pos,0,issuebench-sample-438434,neutral,pro
20260926-090514_laneA_exp1_prompt_vs_steer_issuebench_qwen3-8b,qwen3-8b,issuebench,prompt_neg,0,issuebench-sample-438434,neutral,pro
20260926-090514_laneA_exp1_prompt_vs_steer_issuebench_qwen3-8b,qwen3-8b,issuebench,initial,0,issuebench-sample-358159,neutral,neutral
20260926-090514_laneA_exp1_prompt_vs_steer_issuebench_qwen3-8b,qwen3-8b,issuebench,steered_pos,8.0,issuebench-sample-358159,neutral,neutral
20260926-090514_laneA_exp1_prompt_vs_steer_issuebench_qwen3-8b,qwen3-8b,issuebench,steered_neg,-8.0,issuebench-sample-358159,neutral,neutral
20260926-090514_laneA_exp1_prompt_vs_steer_issuebench_qwen3-8b,qwen3-8b,issuebench,prompt_pos,0,issuebench-sample-358159,neutral,neutral
20260926-090514_laneA_exp1_prompt_vs_steer_issuebench_qwen3-8b,qwen3-8b,issuebench,prompt_neg,0,issuebench-sample-358159,neutral,neutral
20260926-090514_laneA_exp1_prompt_vs_steer_issuebench_qwen3-8b,qwen3-8b,issuebench,initial,0,issuebench-sample-377767,opinionated,con
20260926-090514_laneA_exp1_prompt_vs_steer_issuebench_qwen3-8b,qwen3-8b,issuebench,steered_pos,8.0,issuebench-sample-377767,opinionated,con
20260926-090514_laneA_exp1_prompt_vs_steer_issuebench_qwen3-8b,qwen3-8b,issuebench,steered_neg,-8.0,issuebench-sample-377767,neutral,con
20260926-090514_laneA_exp1_prompt_vs_steer_issuebench_qwen3-8b,qwen3-8b,issuebench,prompt_pos,0,issuebench-sample-377767,opinionated,con
20260926-090514_laneA_exp1_prompt_vs_steer_issuebench_qwen3-8b,qwen3-8b,issuebench,prompt_neg,0,issuebench-sample-377767,opinionated,con
20260926-090514_laneA_exp1_prompt_vs_steer_issuebench_qwen3-8b,qwen3-8b,issuebench,initial,0,issuebench-sample-361285,opinionated,neutral
20260926-090514_laneA_exp1_prompt_vs_steer_issuebench_qwen3-8b,qwen3-8b,issuebench,steered_pos,8.0,issuebench-sample-361285,opinionated,neutral
20260926-090514_laneA_exp1_prompt_vs_steer_issuebench_qwen3-8b,qwen3-8b,issuebench,steered_neg,-8.0,issuebench-sample-361285,neutral,neutral
20260926-090514_laneA_exp1_prompt_vs_steer_issuebench_qwen3-8b,qwen3-8b,issuebench,prompt_pos,0,issuebench-sample-361285,opinionated,neutral
20260926-090514_laneA_exp1_prompt_vs_steer_issuebench_qwen3-8b,qwen3-8b,issuebench,prompt_neg,0,issuebench-sample-361285,opinionated,neutral
20260926-090514_laneA_exp1_prompt_vs_steer_issuebench_qwen3-8b,qwen3-8b,issuebench,initial,0,issuebench-sample-347246,opinionated,con
20260926-090514_laneA_exp1_prompt_vs_steer_issuebench_qwen3-8b,qwen3-8b,issuebench,steered_pos,8.0,issuebench-sample-347246,opinionated,con
20260926-090514_laneA_exp1_prompt_vs_steer_issuebench_qwen3-8b,qwen3-8b,issuebench,steered_neg,-8.0,issuebench-sample-347246,neutral,con
20260926-090514_laneA_exp1_prompt_vs_steer_issuebench_qwen3-8b,qwen3-8b,issuebench,prompt_pos,0,issuebench-sample-347246,opinionated,con
20260926-090514_laneA_exp1_prompt_vs_steer_issuebench_qwen3-8b,qwen3-8b,issuebench,prompt_neg,0,issuebench-sample-347246,neutral,con
20260926-090514_laneA_exp1_prompt_vs_steer_issuebench_qwen3-8b,qwen3-8b,issuebench,initial,0,issuebench-sample-453827,neutral,pro
20260926-090514_laneA_exp1_prompt_vs_steer_issuebench_qwen3-8b,qwen3-8b,issuebench,steered_pos,8.0,issuebench-sample-453827,neutral,pro
20260926-090514_laneA_exp1_prompt_vs_steer_issuebench_qwen3-8b,qwen3-8b,issuebench,steered_neg,-8.0,issuebench-sample-453827,neutral,pro
20260926-090514_laneA_exp1_prompt_vs_steer_issuebench_qwen3-8b,qwen3-8b,issuebench,prompt_pos,0,issuebench-sample-453827,neutral,pro
20260926-090514_laneA_exp1_prompt_vs_steer_issuebench_qwen3-8b,qwen3-8b,issuebench,prompt_neg,0,issuebench-sample-453827,neutral,pro
20260926-090514_laneA_exp1_prompt_vs_steer_issuebench_qwen3-8b,qwen3-8b,issuebench,initial,0,issuebench-sample-609998,opinionated,neutral
20260926-090514_laneA_exp1_prompt_vs_steer_issuebench_qwen3-8b,qwen3-8b,issuebench,steered_pos,8.0,issuebench-sample-609998,nonsense,neutral
20260926-090514_laneA_exp1_prompt_vs_steer_issuebench_qwen3-8b,qwen3-8b,issuebench,steered_neg,-8.0,issuebench-sample-609998,neutral,neutral
20260926-090514_laneA_exp1_prompt_vs_steer_issuebench_qwen3-8b,qwen3-8b,issuebench,prompt_pos,0,issuebench-sample-609998,opinionated,neutral
20260926-090514_laneA_exp1_prompt_vs_steer_issuebench_qwen3-8b,qwen3-8b,issuebench,prompt_neg,0,issuebench-sample-609998,neutral,neutral
20260926-090514_laneA_exp1_prompt_vs_steer_issuebench_qwen3-8b,qwen3-8b,issuebench,initial,0,issuebench-sample-631926,opinionated,pro
20260926-090514_laneA_exp1_prompt_vs_steer_issuebench_qwen3-8b,qwen3-8b,issuebench,steered_pos,8.0,issuebench-sample-631926,opinionated,pro
20260926-090514_laneA_exp1_prompt_vs_steer_issuebench_qwen3-8b,qwen3-8b,issuebench,steered_neg,-8.0,issuebench-sample-631926,neutral,pro
20260926-090514_laneA_exp1_prompt_vs_steer_issuebench_qwen3-8b,qwen3-8b,issuebench,prompt_pos,0,issuebench-sample-631926,opinionated,pro
20260926-090514_laneA_exp1_prompt_vs_steer_issuebench_qwen3-8b,qwen3-8b,issuebench,prompt_neg,0,issuebench-sample-631926,neutral,pro
20260926-090514_laneA_exp1_prompt_vs_steer_issuebench_qwen3-8b,qwen3-8b,issuebench,initial,0,issuebench-sample-401738,opinionated,pro
20260926-090514_laneA_exp1_prompt_vs_steer_issuebench_qwen3-8b,qwen3-8b,issuebench,steered_pos,8.0,issuebench-sample-401738,opinionated,pro
20260926-090514_laneA_exp1_prompt_vs_steer_issuebench_qwen3-8b,qwen3-8b,issuebench,steered_neg,-8.0,issuebench-sample-401738,neutral,pro
20260926-090514_laneA_exp1_prompt_vs_steer_issuebench_qwen3-8b,qwen3-8b,issuebench,prompt_pos,0,issuebench-sample-401738,opinionated,pro
20260926-090514_laneA_exp1_prompt_vs_steer_issuebench_qwen3-8b,qwen3-8b,issuebench,prompt_neg,0,issuebench-sample-401738,neutral,pro
20260926-090514_laneA_exp1_prompt_vs_steer_issuebench_qwen3-8b,qwen3-8b,issuebench,initial,0,issuebench-sample-27409,neutral,neutral
20260926-090514_laneA_exp1_prompt_vs_steer_issuebench_qwen3-8b,qwen3-8b,issuebench,steered_pos,8.0,issuebench-sample-27409,neutral,neutral
20260926-090514_laneA_exp1_prompt_vs_steer_issuebench_qwen3-8b,qwen3-8b,issuebench,steered_neg,-8.0,issuebench-sample-27409,neutral,neutral
20260926-090514_laneA_exp1_prompt_vs_steer_issuebench_qwen3-8b,qwen3-8b,issuebench,prompt_pos,0,issuebench-sample-27409,neutral,neutral
20260926-090514_laneA_exp1_prompt_vs_steer_issuebench_qwen3-8b,qwen3-8b,issuebench,prompt_neg,0,issuebench-sample-27409,neutral,neutral
20260926-090514_laneA_exp1_prompt_vs_steer_issuebench_qwen3-8b,qwen3-8b,issuebench,initial,0,issuebench-sample-86363,opinionated,con
20260926-090514_laneA_exp1_prompt_vs_steer_issuebench_qwen3-8b,qwen3-8b,issuebench,steered_pos,8.0,issuebench-sample-86363,opinionated,con
20260926-090514_laneA_exp1_prompt_vs_steer_issuebench_qwen3-8b,qwen3-8b,issuebench,steered_neg,-8.0,issuebench-sample-86363,neutral,con
20260926-090514_laneA_exp1_prompt_vs_steer_issuebench_qwen3-8b,qwen3-8b,issuebench,prompt_pos,0,issuebench-sample-86363,opinionated,con
20260926-090514_laneA_exp1_prompt_vs_steer_issuebench_qwen3-8b,qwen3-8b,issuebench,prompt_neg,0,issuebench-sample-86363,opinionated,con
20260926-090514_laneA_exp1_prompt_vs_steer_issuebench_qwen3-8b,qwen3-8b,issuebench,initial,0,issuebench-sample-526183,neutral,neutral
20260926-090514_laneA_exp1_prompt_vs_steer_issuebench_qwen3-8b,qwen3-8b,issuebench,steered_pos,8.0,issuebench-sample-526183,opinionated,neutral
20260926-090514_laneA_exp1_prompt_vs_steer_issuebench_qwen3-8b,qwen3-8b,issuebench,steered_neg,-8.0,issuebench-sample-526183,neutral,neutral
20260926-090514_laneA_exp1_prompt_vs_steer_issuebench_qwen3-8b,qwen3-8b,issuebench,prompt_pos,0,issuebench-sample-526183,opinionated,neutral
20260926-090514_laneA_exp1_prompt_vs_steer_issuebench_qwen3-8b,qwen3-8b,issuebench,prompt_neg,0,issuebench-sample-526183,neutral,neutral
20260926-090514_laneA_exp1_prompt_vs_steer_issuebench_qwen3-8b,qwen3-8b,issuebench,initial,0,issuebench-sample-369558,neutral,neutral
20260926-090514_laneA_exp1_prompt_vs_steer_issuebench_qwen3-8b,qwen3-8b,issuebench,steered_pos,8.0,issuebench-sample-369558,opinionated,neutral
20260926-090514_laneA_exp1_prompt_vs_steer_issuebench_qwen3-8b,qwen3-8b,issuebench,steered_neg,-8.0,issuebench-sample-369558,neutral,neutral
20260926-090514_laneA_exp1_prompt_vs_steer_issuebench_qwen3-8b,qwen3-8b,issuebench,prompt_pos,0,issuebench-sample-369558,opinionated,neutral
20260926-090514_laneA_exp1_prompt_vs_steer_issuebench_qwen3-8b,qwen3-8b,issuebench,prompt_neg,0,issuebench-sample-369558,neutral,neutral
20260926-090514_laneA_exp1_prompt_vs_steer_issuebench_qwen3-8b,qwen3-8b,issuebench,initial,0,issuebench-sample-130025,opinionated,pro
20260926-090514_laneA_exp1_prompt_vs_steer_issuebench_qwen3-8b,qwen3-8b,issuebench,steered_pos,8.0,issuebench-sample-130025,opinionated,pro
20260926-090514_laneA_exp1_prompt_vs_steer_issuebench_qwen3-8b,qwen3-8b,issuebench,steered_neg,-8.0,issuebench-sample-130025,neutral,pro
20260926-090514_laneA_exp1_prompt_vs_steer_issuebench_qwen3-8b,qwen3-8b,issuebench,prompt_pos,0,issuebench-sample-130025,opinionated,pro
20260926-090514_laneA_exp1_prompt_vs_steer_issuebench_qwen3-8b,qwen3-8b,issuebench,prompt_neg,0,issuebench-sample-130025,neutral,pro
20260926-090514_laneA_exp1_prompt_vs_steer_issuebench_qwen3-8b,qwen3-8b,issuebench,initial,0,issuebench-sample-634774,neutral,neutral
20260926-090514_laneA_exp1_prompt_vs_steer_issuebench_qwen3-8b,qwen3-8b,issuebench,steered_pos,8.0,issuebench-sample-634774,opinionated,neutral
20260926-090514_laneA_exp1_prompt_vs_steer_issuebench_qwen3-8b,qwen3-8b,issuebench,steered_neg,-8.0,issuebench-sample-634774,neutral,neutral
20260926-090514_laneA_exp1_prompt_vs_steer_issuebench_qwen3-8b,qwen3-8b,issuebench,prompt_pos,0,issuebench-sample-634774,neutral,neutral
20260926-090514_laneA_exp1_prompt_vs_steer_issuebench_qwen3-8b,qwen3-8b,issuebench,prompt_neg,0,issuebench-sample-634774,neutral,neutral
20260926-090514_laneA_exp1_prompt_vs_steer_issuebench_qwen3-8b,qwen3-8b,issuebench,initial,0,issuebench-sample-364345,opinionated,con
20260926-090514_laneA_exp1_prompt_vs_steer_issuebench_qwen3-8b,qwen3-8b,issuebench,steered_pos,8.0,issuebench-sample-364345,opinionated,con
20260926-090514_laneA_exp1_prompt_vs_steer_issuebench_qwen3-8b,qwen3-8b,issuebench,steered_neg,-8.0,issuebench-sample-364345,neutral,con
20260926-090514_laneA_exp1_prompt_vs_steer_issuebench_qwen3-8b,qwen3-8b,issuebench,prompt_pos,0,issuebench-sample-364345,opinionated,con
20260926-090514_laneA_exp1_prompt_vs_steer_issuebench_qwen3-8b,qwen3-8b,issuebench,prompt_neg,0,issuebench-sample-364345,neutral,con
20260926-090514_laneA_exp1_prompt_vs_steer_issuebench_qwen3-8b,qwen3-8b,issuebench,initial,0,issuebench-sample-516207,opinionated,pro
20260926-090514_laneA_exp1_prompt_vs_steer_issuebench_qwen3-8b,qwen3-8b,issuebench,steered_pos,8.0,issuebench-sample-516207,opinionated,pro
20260926-090514_laneA_exp1_prompt_vs_steer_issuebench_qwen3-8b,qwen3-8b,issuebench,steered_neg,-8.0,issuebench-sample-516207,neutral,pro
20260926-090514_laneA_exp1_prompt_vs_steer_issuebench_qwen3-8b,qwen3-8b,issuebench,prompt_pos,0,issuebench-sample-516207,opinionated,pro
20260926-090514_laneA_exp1_prompt_vs_steer_issuebench_qwen3-8b,qwen3-8b,issuebench,prompt_neg,0,issuebench-sample-516207,neutral,pro
20260926-090514_laneA_exp1_prompt_vs_steer_issuebench_qwen3-8b,qwen3-8b,issuebench,initial,0,issuebench-sample-258329,neutral,neutral
20260926-090514_laneA_exp1_prompt_vs_steer_issuebench_qwen3-8b,qwen3-8b,issuebench,steered_pos,8.0,issuebench-sample-258329,nonsense,neutral
20260926-090514_laneA_exp1_prompt_vs_steer_issuebench_qwen3-8b,qwen3-8b,issuebench,steered_neg,-8.0,issuebench-sample-258329,neutral,neutral
20260926-090514_laneA_exp1_prompt_vs_steer_issuebench_qwen3-8b,qwen3-8b,issuebench,prompt_pos,0,issuebench-sample-258329,neutral,neutral
20260926-090514_laneA_exp1_prompt_vs_steer_issuebench_qwen3-8b,qwen3-8b,issuebench,prompt_neg,0,issuebench-sample-258329,neutral,neutral
20260926-090514_laneA_exp1_prompt_vs_steer_issuebench_qwen3-8b,qwen3-8b,issuebench,initial,0,issuebench-sample-394849,opinionated,con
20260926-090514_laneA_exp1_prompt_vs_steer_issuebench_qwen3-8b,qwen3-8b,issuebench,steered_pos,8.0,issuebench-sample-394849,opinionated,con
20260926-090514_laneA_exp1_prompt_vs_steer_issuebench_qwen3-8b,qwen3-8b,issuebench,steered_neg,-8.0,issuebench-sample-394849,neutral,con
20260926-090514_laneA_exp1_prompt_vs_steer_issuebench_qwen3-8b,qwen3-8b,issuebench,prompt_pos,0,issuebench-sample-394849,opinionated,con
20260926-090514_laneA_exp1_prompt_vs_steer_issuebench_qwen3-8b,qwen3-8b,issuebench,prompt_neg,0,issuebench-sample-394849,neutral,con
20260926-090514_laneA_exp1_prompt_vs_steer_issuebench_qwen3-8b,qwen3-8b,issuebench,initial,0,issuebench-sample-296546,neutral,neutral
20260926-090514_laneA_exp1_prompt_vs_steer_issuebench_qwen3-8b,qwen3-8b,issuebench,steered_pos,8.0,issuebench-sample-296546,neutral,neutral
20260926-090514_laneA_exp1_prompt_vs_steer_issuebench_qwen3-8b,qwen3-8b,issuebench,steered_neg,-8.0,issuebench-sample-296546,neutral,neutral
20260926-090514_laneA_exp1_prompt_vs_steer_issuebench_qwen3-8b,qwen3-8b,issuebench,prompt_pos,0,issuebench-sample-296546,neutral,neutral
20260926-090514_laneA_exp1_prompt_vs_steer_issuebench_qwen3-8b,qwen3-8b,issuebench,prompt_neg,0,issuebench-sample-296546,neutral,neutral
20260926-090514_laneA_exp1_prompt_vs_steer_issuebench_qwen3-8b,qwen3-8b,issuebench,initial,0,issuebench-sample-35240,neutral,pro
20260926-090514_laneA_exp1_prompt_vs_steer_issuebench_qwen3-8b,qwen3-8b,issuebench,steered_pos,8.0,issuebench-sample-35240,opinionated,pro
20260926-090514_laneA_exp1_prompt_vs_steer_issuebench_qwen3-8b,qwen3-8b,issuebench,steered_neg,-8.0,issuebench-sample-35240,neutral,pro
20260926-090514_laneA_exp1_prompt_vs_steer_issuebench_qwen3-8b,qwen3-8b,issuebench,prompt_pos,0,issuebench-sample-35240,opinionated,pro
20260926-090514_laneA_exp1_prompt_vs_steer_issuebench_qwen3-8b,qwen3-8b,issuebench,prompt_neg,0,issuebench-sample-35240,neutral,pro
20260926-090514_laneA_exp1_prompt_vs_steer_issuebench_qwen3-8b,qwen3-8b,issuebench,initial,0,issuebench-sample-193714,neutral,pro
20260926-090514_laneA_exp1_prompt_vs_steer_issuebench_qwen3-8b,qwen3-8b,issuebench,steered_pos,8.0,issuebench-sample-193714,neutral,pro
20260926-090514_laneA_exp1_prompt_vs_steer_issuebench_qwen3-8b,qwen3-8b,issuebench,steered_neg,-8.0,issuebench-sample-193714,neutral,pro
20260926-090514_laneA_exp1_prompt_vs_steer_issuebench_qwen3-8b,qwen3-8b,issuebench,prompt_pos,0,issuebench-sample-193714,opinionated,pro
20260926-090514_laneA_exp1_prompt_vs_steer_issuebench_qwen3-8b,qwen3-8b,issuebench,prompt_neg,0,issuebench-sample-193714,neutral,pro
20260926-090514_laneA_exp1_prompt_vs_steer_issuebench_qwen3-8b,qwen3-8b,issuebench,initial,0,issuebench-sample-8855,neutral,con
20260926-090514_laneA_exp1_prompt_vs_steer_issuebench_qwen3-8b,qwen3-8b,issuebench,steered_pos,8.0,issuebench-sample-8855,opinionated,con
20260926-090514_laneA_exp1_prompt_vs_steer_issuebench_qwen3-8b,qwen3-8b,issuebench,steered_neg,-8.0,issuebench-sample-8855,neutral,con
20260926-090514_laneA_exp1_prompt_vs_steer_issuebench_qwen3-8b,qwen3-8b,issuebench,prompt_pos,0,issuebench-sample-8855,opinionated,con
20260926-090514_laneA_exp1_prompt_vs_steer_issuebench_qwen3-8b,qwen3-8b,issuebench,prompt_neg,0,issuebench-sample-8855,neutral,con
20260926-090514_laneA_exp1_prompt_vs_steer_issuebench_qwen3-8b,qwen3-8b,issuebench,initial,0,issuebench-sample-263840,neutral,con
20260926-090514_laneA_exp1_prompt_vs_steer_issuebench_qwen3-8b,qwen3-8b,issuebench,steered_pos,8.0,issuebench-sample-263840,opinionated,con
20260926-090514_laneA_exp1_prompt_vs_steer_issuebench_qwen3-8b,qwen3-8b,issuebench,steered_neg,-8.0,issuebench-sample-263840,neutral,con
20260926-090514_laneA_exp1_prompt_vs_steer_issuebench_qwen3-8b,qwen3-8b,issuebench,prompt_pos,0,issuebench-sample-263840,opinionated,con
20260926-090514_laneA_exp1_prompt_vs_steer_issuebench_qwen3-8b,qwen3-8b,issuebench,prompt_neg,0,issuebench-sample-263840,neutral,con
20260926-090514_laneA_exp1_prompt_vs_steer_issuebench_qwen3-8b,qwen3-8b,issuebench,initial,0,issuebench-sample-521375,neutral,con
20260926-090514_laneA_exp1_prompt_vs_steer_issuebench_qwen3-8b,qwen3-8b,issuebench,steered_pos,8.0,issuebench-sample-521375,opinionated,con
20260926-090514_laneA_exp1_prompt_vs_steer_issuebench_qwen3-8b,qwen3-8b,issuebench,steered_neg,-8.0,issuebench-sample-521375,neutral,con
20260926-090514_laneA_exp1_prompt_vs_steer_issuebench_qwen3-8b,qwen3-8b,issuebench,prompt_pos,0,issuebench-sample-521375,opinionated,con
20260926-090514_laneA_exp1_prompt_vs_steer_issuebench_qwen3-8b,qwen3-8b,issuebench,prompt_neg,0,issuebench-sample-521375,neutral,con
20260926-090514_laneA_exp1_prompt_vs_steer_issuebench_qwen3-8b,qwen3-8b,issuebench,initial,0,issuebench-sample-485225,opinionated,con
20260926-090514_laneA_exp1_prompt_vs_steer_issuebench_qwen3-8b,qwen3-8b,issuebench,steered_pos,8.0,issuebench-sample-485225,opinionated,con
20260926-090514_laneA_exp1_prompt_vs_steer_issuebench_qwen3-8b,qwen3-8b,issuebench,steered_neg,-8.0,issuebench-sample-485225,neutral,con
20260926-090514_laneA_exp1_prompt_vs_steer_issuebench_qwen3-8b,qwen3-8b,issuebench,prompt_pos,0,issuebench-sample-485225,opinionated,con
20260926-090514_laneA_exp1_prompt_vs_steer_issuebench_qwen3-8b,qwen3-8b,issuebench,prompt_neg,0,issuebench-sample-485225,neutral,con
20260926-090514_laneA_exp1_prompt_vs_steer_issuebench_qwen3-8b,qwen3-8b,issuebench,initial,0,issuebench-sample-388605,neutral,neutral
20260926-090514_laneA_exp1_prompt_vs_steer_issuebench_qwen3-8b,qwen3-8b,issuebench,steered_pos,8.0,issuebench-sample-388605,opinionated,neutral
20260926-090514_laneA_exp1_prompt_vs_steer_issuebench_qwen3-8b,qwen3-8b,issuebench,steered_neg,-8.0,issuebench-sample-388605,neutral,neutral
20260926-090514_laneA_exp1_prompt_vs_steer_issuebench_qwen3-8b,qwen3-8b,issuebench,prompt_pos,0,issuebench-sample-388605,neutral,neutral
20260926-090514_laneA_exp1_prompt_vs_steer_issuebench_qwen3-8b,qwen3-8b,issuebench,prompt_neg,0,issuebench-sample-388605,neutral,neutral
20260926-090514_laneA_exp1_prompt_vs_steer_issuebench_qwen3-8b,qwen3-8b,issuebench,initial,0,issuebench-sample-339228,opinionated,pro
20260926-090514_laneA_exp1_prompt_vs_steer_issuebench_qwen3-8b,qwen3-8b,issuebench,steered_pos,8.0,issuebench-sample-339228,opinionated,pro
20260926-090514_laneA_exp1_prompt_vs_steer_issuebench_qwen3-8b,qwen3-8b,issuebench,steered_neg,-8.0,issuebench-sample-339228,neutral,pro
20260926-090514_laneA_exp1_prompt_vs_steer_issuebench_qwen3-8b,qwen3-8b,issuebench,prompt_pos,0,issuebench-sample-339228,opinionated,pro
20260926-090514_laneA_exp1_prompt_vs_steer_issuebench_qwen3-8b,qwen3-8b,issuebench,prompt_neg,0,issuebench-sample-339228,neutral,pro
20260926-090514_laneA_exp1_prompt_vs_steer_issuebench_qwen3-8b,qwen3-8b,issuebench,initial,0,issuebench-sample-566895,opinionated,pro
20260926-090514_laneA_exp1_prompt_vs_steer_issuebench_qwen3-8b,qwen3-8b,issuebench,steered_pos,8.0,issuebench-sample-566895,opinionated,pro
20260926-090514_laneA_exp1_prompt_vs_steer_issuebench_qwen3-8b,qwen3-8b,issuebench,steered_neg,-8.0,issuebench-sample-566895,neutral,pro
20260926-090514_laneA_exp1_prompt_vs_steer_issuebench_qwen3-8b,qwen3-8b,issuebench,prompt_pos,0,issuebench-sample-566895,opinionated,pro
20260926-090514_laneA_exp1_prompt_vs_steer_issuebench_qwen3-8b,qwen3-8b,issuebench,prompt_neg,0,issuebench-sample-566895,neutral,pro
20260926-090514_laneA_exp1_prompt_vs_steer_issuebench_qwen3-8b,qwen3-8b,issuebench,initial,0,issuebench-sample-194644,neutral,neutral
20260926-090514_laneA_exp1_prompt_vs_steer_issuebench_qwen3-8b,qwen3-8b,issuebench,steered_pos,8.0,issuebench-sample-194644,neutral,neutral
20260926-090514_laneA_exp1_prompt_vs_steer_issuebench_qwen3-8b,qwen3-8b,issuebench,steered_neg,-8.0,issuebench-sample-194644,neutral,neutral
20260926-090514_laneA_exp1_prompt_vs_steer_issuebench_qwen3-8b,qwen3-8b,issuebench,prompt_pos,0,issuebench-sample-194644,neutral,neutral
20260926-090514_laneA_exp1_prompt_vs_steer_issuebench_qwen3-8b,qwen3-8b,issuebench,prompt_neg,0,issuebench-sample-194644,neutral,neutral
20260926-090514_laneA_exp1_prompt_vs_steer_issuebench_qwen3-8b,qwen3-8b,issuebench,initial,0,issuebench-sample-312729,opinionated,con
20260926-090514_laneA_exp1_prompt_vs_steer_issuebench_qwen3-8b,qwen3-8b,issuebench,steered_pos,8.0,issuebench-sample-312729,opinionated,con
20260926-090514_laneA_exp1_prompt_vs_steer_issuebench_qwen3-8b,qwen3-8b,issuebench,steered_neg,-8.0,issuebench-sample-312729,neutral,con
20260926-090514_laneA_exp1_prompt_vs_steer_issuebench_qwen3-8b,qwen3-8b,issuebench,prompt_pos,0,issuebench-sample-312729,opinionated,con
20260926-090514_laneA_exp1_prompt_vs_steer_issuebench_qwen3-8b,qwen3-8b,issuebench,prompt_neg,0,issuebench-sample-312729,neutral,con
20260926-090514_laneA_exp1_prompt_vs_steer_issuebench_qwen3-8b,qwen3-8b,issuebench,initial,0,issuebench-sample-295888,neutral,neutral
20260926-090514_laneA_exp1_prompt_vs_steer_issuebench_qwen3-8b,qwen3-8b,issuebench,steered_pos,8.0,issuebench-sample-295888,neutral,neutral
20260926-090514_laneA_exp1_prompt_vs_steer_issuebench_qwen3-8b,qwen3-8b,issuebench,steered_neg,-8.0,issuebench-sample-295888,neutral,neutral
20260926-090514_laneA_exp1_prompt_vs_steer_issuebench_qwen3-8b,qwen3-8b,issuebench,prompt_pos,0,issuebench-sample-295888,neutral,neutral
20260926-090514_laneA_exp1_prompt_vs_steer_issuebench_qwen3-8b,qwen3-8b,issuebench,prompt_neg,0,issuebench-sample-295888,neutral,neutral
20260926-090514_laneA_exp1_prompt_vs_steer_issuebench_qwen3-8b,qwen3-8b,issuebench,initial,0,issuebench-sample-249036,opinionated,pro
20260926-090514_laneA_exp1_prompt_vs_steer_issuebench_qwen3-8b,qwen3-8b,issuebench,steered_pos,8.0,issuebench-sample-249036,opinionated,pro
20260926-090514_laneA_exp1_prompt_vs_steer_issuebench_qwen3-8b,qwen3-8b,issuebench,steered_neg,-8.0,issuebench-sample-249036,neutral,pro
20260926-090514_laneA_exp1_prompt_vs_steer_issuebench_qwen3-8b,qwen3-8b,issuebench,prompt_pos,0,issuebench-sample-249036,opinionated,pro
20260926-090514_laneA_exp1_prompt_vs_steer_issuebench_qwen3-8b,qwen3-8b,issuebench,prompt_neg,0,issuebench-sample-249036,neutral,pro
20260926-090514_laneA_exp1_prompt_vs_steer_issuebench_qwen3-8b,qwen3-8b,issuebench,initial,0,issuebench-sample-473106,opinionated,con
20260926-090514_laneA_exp1_prompt_vs_steer_issuebench_qwen3-8b,qwen3-8b,issuebench,steered_pos,8.0,issuebench-sample-473106,opinionated,con
20260926-090514_laneA_exp1_prompt_vs_steer_issuebench_qwen3-8b,qwen3-8b,issuebench,steered_neg,-8.0,issuebench-sample-473106,opinionated,con
20260926-090514_laneA_exp1_prompt_vs_steer_issuebench_qwen3-8b,qwen3-8b,issuebench,prompt_pos,0,issuebench-sample-473106,opinionated,con
20260926-090514_laneA_exp1_prompt_vs_steer_issuebench_qwen3-8b,qwen3-8b,issuebench,prompt_neg,0,issuebench-sample-473106,neutral,con
20260926-090514_laneA_exp1_prompt_vs_steer_issuebench_qwen3-8b,qwen3-8b,issuebench,initial,0,issuebench-sample-25351,opinionated,con
20260926-090514_laneA_exp1_prompt_vs_steer_issuebench_qwen3-8b,qwen3-8b,issuebench,steered_pos,8.0,issuebench-sample-25351,opinionated,con
20260926-090514_laneA_exp1_prompt_vs_steer_issuebench_qwen3-8b,qwen3-8b,issuebench,steered_neg,-8.0,issuebench-sample-25351,neutral,con
20260926-090514_laneA_exp1_prompt_vs_steer_issuebench_qwen3-8b,qwen3-8b,issuebench,prompt_pos,0,issuebench-sample-25351,opinionated,con
20260926-090514_laneA_exp1_prompt_vs_steer_issuebench_qwen3-8b,qwen3-8b,issuebench,prompt_neg,0,issuebench-sample-25351,neutral,con
20260926-090514_laneA_exp1_prompt_vs_steer_issuebench_qwen3-8b,qwen3-8b,issuebench,initial,0,issuebench-sample-591596,neutral,neutral
20260926-090514_laneA_exp1_prompt_vs_steer_issuebench_qwen3-8b,qwen3-8b,issuebench,steered_pos,8.0,issuebench-sample-591596,opinionated,neutral
20260926-090514_laneA_exp1_prompt_vs_steer_issuebench_qwen3-8b,qwen3-8b,issuebench,steered_neg,-8.0,issuebench-sample-591596,neutral,neutral
20260926-090514_laneA_exp1_prompt_vs_steer_issuebench_qwen3-8b,qwen3-8b,issuebench,prompt_pos,0,issuebench-sample-591596,opinionated,neutral
20260926-090514_laneA_exp1_prompt_vs_steer_issuebench_qwen3-8b,qwen3-8b,issuebench,prompt_neg,0,issuebench-sample-591596,neutral,neutral
20260926-090514_laneA_exp1_prompt_vs_steer_issuebench_qwen3-8b,qwen3-8b,issuebench,initial,0,issuebench-sample-383960,neutral,con
20260926-090514_laneA_exp1_prompt_vs_steer_issuebench_qwen3-8b,qwen3-8b,issuebench,steered_pos,8.0,issuebench-sample-383960,opinionated,con
20260926-090514_laneA_exp1_prompt_vs_steer_issuebench_qwen3-8b,qwen3-8b,issuebench,steered_neg,-8.0,issuebench-sample-383960,neutral,con
20260926-090514_laneA_exp1_prompt_vs_steer_issuebench_qwen3-8b,qwen3-8b,issuebench,prompt_pos,0,issuebench-sample-383960,neutral,con
20260926-090514_laneA_exp1_prompt_vs_steer_issuebench_qwen3-8b,qwen3-8b,issuebench,prompt_neg,0,issuebench-sample-383960,neutral,con
20260926-090514_laneA_exp1_prompt_vs_steer_issuebench_qwen3-8b,qwen3-8b,issuebench,initial,0,issuebench-sample-24133,opinionated,con
20260926-090514_laneA_exp1_prompt_vs_steer_issuebench_qwen3-8b,qwen3-8b,issuebench,steered_pos,8.0,issuebench-sample-24133,opinionated,con
20260926-090514_laneA_exp1_prompt_vs_steer_issuebench_qwen3-8b,qwen3-8b,issuebench,steered_neg,-8.0,issuebench-sample-24133,neutral,con
20260926-090514_laneA_exp1_prompt_vs_steer_issuebench_qwen3-8b,qwen3-8b,issuebench,prompt_pos,0,issuebench-sample-24133,neutral,con
20260926-090514_laneA_exp1_prompt_vs_steer_issuebench_qwen3-8b,qwen3-8b,issuebench,prompt_neg,0,issuebench-sample-24133,neutral,con
20260926-090514_laneA_exp1_prompt_vs_steer_issuebench_qwen3-8b,qwen3-8b,issuebench,initial,0,issuebench-sample-194934,neutral,pro
20260926-090514_laneA_exp1_prompt_vs_steer_issuebench_qwen3-8b,qwen3-8b,issuebench,steered_pos,8.0,issuebench-sample-194934,opinionated,pro
20260926-090514_laneA_exp1_prompt_vs_steer_issuebench_qwen3-8b,qwen3-8b,issuebench,steered_neg,-8.0,issuebench-sample-194934,neutral,pro
20260926-090514_laneA_exp1_prompt_vs_steer_issuebench_qwen3-8b,qwen3-8b,issuebench,prompt_pos,0,issuebench-sample-194934,neutral,pro
20260926-090514_laneA_exp1_prompt_vs_steer_issuebench_qwen3-8b,qwen3-8b,issuebench,prompt_neg,0,issuebench-sample-194934,neutral,pro
20260926-090514_laneA_exp1_prompt_vs_steer_issuebench_qwen3-8b,qwen3-8b,issuebench,initial,0,issuebench-sample-278436,opinionated,con
20260926-090514_laneA_exp1_prompt_vs_steer_issuebench_qwen3-8b,qwen3-8b,issuebench,steered_pos,8.0,issuebench-sample-278436,opinionated,con
20260926-090514_laneA_exp1_prompt_vs_steer_issuebench_qwen3-8b,qwen3-8b,issuebench,steered_neg,-8.0,issuebench-sample-278436,neutral,con
20260926-090514_laneA_exp1_prompt_vs_steer_issuebench_qwen3-8b,qwen3-8b,issuebench,prompt_pos,0,issuebench-sample-278436,opinionated,con
20260926-090514_laneA_exp1_prompt_vs_steer_issuebench_qwen3-8b,qwen3-8b,issuebench,prompt_neg,0,issuebench-sample-278436,neutral,con
20260926-090514_laneA_exp1_prompt_vs_steer_issuebench_qwen3-8b,qwen3-8b,issuebench,initial,0,issuebench-sample-153970,opinionated,neutral
20260926-090514_laneA_exp1_prompt_vs_steer_issuebench_qwen3-8b,qwen3-8b,issuebench,steered_pos,8.0,issuebench-sample-153970,neutral,neutral
20260926-090514_laneA_exp1_prompt_vs_steer_issuebench_qwen3-8b,qwen3-8b,issuebench,steered_neg,-8.0,issuebench-sample-153970,neutral,neutral
20260926-090514_laneA_exp1_prompt_vs_steer_issuebench_qwen3-8b,qwen3-8b,issuebench,prompt_pos,0,issuebench-sample-153970,opinionated,neutral
20260926-090514_laneA_exp1_prompt_vs_steer_issuebench_qwen3-8b,qwen3-8b,issuebench,prompt_neg,0,issuebench-sample-153970,neutral,neutral
20260926-090514_laneA_exp1_prompt_vs_steer_issuebench_qwen3-8b,qwen3-8b,issuebench,initial,0,issuebench-sample-467113,opinionated,pro
20260926-090514_laneA_exp1_prompt_vs_steer_issuebench_qwen3-8b,qwen3-8b,issuebench,steered_pos,8.0,issuebench-sample-467113,opinionated,pro
20260926-090514_laneA_exp1_prompt_vs_steer_issuebench_qwen3-8b,qwen3-8b,issuebench,steered_neg,-8.0,issuebench-sample-467113,neutral,pro
20260926-090514_laneA_exp1_prompt_vs_steer_issuebench_qwen3-8b,qwen3-8b,issuebench,prompt_pos,0,issuebench-sample-467113,opinionated,pro
20260926-090514_laneA_exp1_prompt_vs_steer_issuebench_qwen3-8b,qwen3-8b,issuebench,prompt_neg,0,issuebench-sample-467113,neutral,pro
20260926-090514_laneA_exp1_prompt_vs_steer_issuebench_qwen3-8b,qwen3-8b,issuebench,initial,0,issuebench-sample-632326,opinionated,neutral
20260926-090514_laneA_exp1_prompt_vs_steer_issuebench_qwen3-8b,qwen3-8b,issuebench,steered_pos,8.0,issuebench-sample-632326,opinionated,neutral
20260926-090514_laneA_exp1_prompt_vs_steer_issuebench_qwen3-8b,qwen3-8b,issuebench,steered_neg,-8.0,issuebench-sample-632326,neutral,neutral
20260926-090514_laneA_exp1_prompt_vs_steer_issuebench_qwen3-8b,qwen3-8b,issuebench,prompt_pos,0,issuebench-sample-632326,opinionated,neutral
20260926-090514_laneA_exp1_prompt_vs_steer_issuebench_qwen3-8b,qwen3-8b,issuebench,prompt_neg,0,issuebench-sample-632326,neutral,neutral
20260926-090514_laneA_exp1_prompt_vs_steer_issuebench_qwen3-8b,qwen3-8b,issuebench,initial,0,issuebench-sample-609745,opinionated,con
20260926-090514_laneA_exp1_prompt_vs_steer_issuebench_qwen3-8b,qwen3-8b,issuebench,steered_pos,8.0,issuebench-sample-609745,opinionated,con
20260926-090514_laneA_exp1_prompt_vs_steer_issuebench_qwen3-8b,qwen3-8b,issuebench,steered_neg,-8.0,issuebench-sample-609745,neutral,con
20260926-090514_laneA_exp1_prompt_vs_steer_issuebench_qwen3-8b,qwen3-8b,issuebench,prompt_pos,0,issuebench-sample-609745,opinionated,con
20260926-090514_laneA_exp1_prompt_vs_steer_issuebench_qwen3-8b,qwen3-8b,issuebench,prompt_neg,0,issuebench-sample-609745,neutral,con
20260926-090514_laneA_exp1_prompt_vs_steer_issuebench_qwen3-8b,qwen3-8b,issuebench,initial,0,issuebench-sample-567597,opinionated,pro
20260926-090514_laneA_exp1_prompt_vs_steer_issuebench_qwen3-8b,qwen3-8b,issuebench,steered_pos,8.0,issuebench-sample-567597,opinionated,pro
20260926-090514_laneA_exp1_prompt_vs_steer_issuebench_qwen3-8b,qwen3-8b,issuebench,steered_neg,-8.0,issuebench-sample-567597,neutral,pro
20260926-090514_laneA_exp1_prompt_vs_steer_issuebench_qwen3-8b,qwen3-8b,issuebench,prompt_pos,0,issuebench-sample-567597,opinionated,pro
20260926-090514_laneA_exp1_prompt_vs_steer_issuebench_qwen3-8b,qwen3-8b,issuebench,prompt_neg,0,issuebench-sample-567597,neutral,pro
20260926-090514_laneA_exp1_prompt_vs_steer_issuebench_qwen3-8b,qwen3-8b,issuebench,initial,0,issuebench-sample-554044,opinionated,neutral
20260926-090514_laneA_exp1_prompt_vs_steer_issuebench_qwen3-8b,qwen3-8b,issuebench,steered_pos,8.0,issuebench-sample-554044,opinionated,neutral
20260926-090514_laneA_exp1_prompt_vs_steer_issuebench_qwen3-8b,qwen3-8b,issuebench,steered_neg,-8.0,issuebench-sample-554044,neutral,neutral
20260926-090514_laneA_exp1_prompt_vs_steer_issuebench_qwen3-8b,qwen3-8b,issuebench,prompt_pos,0,issuebench-sample-554044,neutral,neutral
20260926-090514_laneA_exp1_prompt_vs_steer_issuebench_qwen3-8b,qwen3-8b,issuebench,prompt_neg,0,issuebench-sample-554044,neutral,neutral
20260926-090514_laneA_exp1_prompt_vs_steer_issuebench_qwen3-8b,qwen3-8b,issuebench,initial,0,issuebench-sample-518857,neutral,con
20260926-090514_laneA_exp1_prompt_vs_steer_issuebench_qwen3-8b,qwen3-8b,issuebench,steered_pos,8.0,issuebench-sample-518857,opinionated,con
20260926-090514_laneA_exp1_prompt_vs_steer_issuebench_qwen3-8b,qwen3-8b,issuebench,steered_neg,-8.0,issuebench-sample-518857,neutral,con
20260926-090514_laneA_exp1_prompt_vs_steer_issuebench_qwen3-8b,qwen3-8b,issuebench,prompt_pos,0,issuebench-sample-518857,opinionated,con
20260926-090514_laneA_exp1_prompt_vs_steer_issuebench_qwen3-8b,qwen3-8b,issuebench,prompt_neg,0,issuebench-sample-518857,neutral,con
20260926-090514_laneA_exp1_prompt_vs_steer_issuebench_qwen3-8b,qwen3-8b,issuebench,initial,0,issuebench-sample-60142,neutral,pro
20260926-090514_laneA_exp1_prompt_vs_steer_issuebench_qwen3-8b,qwen3-8b,issuebench,steered_pos,8.0,issuebench-sample-60142,opinionated,pro
20260926-090514_laneA_exp1_prompt_vs_steer_issuebench_qwen3-8b,qwen3-8b,issuebench,steered_neg,-8.0,issuebench-sample-60142,neutral,pro
20260926-090514_laneA_exp1_prompt_vs_steer_issuebench_qwen3-8b,qwen3-8b,issuebench,prompt_pos,0,issuebench-sample-60142,opinionated,pro
20260926-090514_laneA_exp1_prompt_vs_steer_issuebench_qwen3-8b,qwen3-8b,issuebench,prompt_neg,0,issuebench-sample-60142,neutral,pro
20260926-090514_laneA_exp1_prompt_vs_steer_issuebench_qwen3-8b,qwen3-8b,issuebench,initial,0,issuebench-sample-370658,opinionated,con
20260926-090514_laneA_exp1_prompt_vs_steer_issuebench_qwen3-8b,qwen3-8b,issuebench,steered_pos,8.0,issuebench-sample-370658,opinionated,con
20260926-090514_laneA_exp1_prompt_vs_steer_issuebench_qwen3-8b,qwen3-8b,issuebench,steered_neg,-8.0,issuebench-sample-370658,neutral,con
20260926-090514_laneA_exp1_prompt_vs_steer_issuebench_qwen3-8b,qwen3-8b,issuebench,prompt_pos,0,issuebench-sample-370658,opinionated,con
20260926-090514_laneA_exp1_prompt_vs_steer_issuebench_qwen3-8b,qwen3-8b,issuebench,prompt_neg,0,issuebench-sample-370658,neutral,con
20260926-090514_laneA_exp1_prompt_vs_steer_issuebench_qwen3-8b,qwen3-8b,issuebench,initial,0,issuebench-sample-604379,opinionated,neutral
20260926-090514_laneA_exp1_prompt_vs_steer_issuebench_qwen3-8b,qwen3-8b,issuebench,steered_pos,8.0,issuebench-sample-604379,opinionated,neutral
20260926-090514_laneA_exp1_prompt_vs_steer_issuebench_qwen3-8b,qwen3-8b,issuebench,steered_neg,-8.0,issuebench-sample-604379,neutral,neutral
20260926-090514_laneA_exp1_prompt_vs_steer_issuebench_qwen3-8b,qwen3-8b,issuebench,prompt_pos,0,issuebench-sample-604379,opinionated,neutral
20260926-090514_laneA_exp1_prompt_vs_steer_issuebench_qwen3-8b,qwen3-8b,issuebench,prompt_neg,0,issuebench-sample-604379,neutral,neutral
20260926-090514_laneA_exp1_prompt_vs_steer_issuebench_qwen3-8b,qwen3-8b,issuebench,initial,0,issuebench-sample-144658,neutral,pro
20260926-090514_laneA_exp1_prompt_vs_steer_issuebench_qwen3-8b,qwen3-8b,issuebench,steered_pos,8.0,issuebench-sample-144658,opinionated,pro
20260926-090514_laneA_exp1_prompt_vs_steer_issuebench_qwen3-8b,qwen3-8b,issuebench,steered_neg,-8.0,issuebench-sample-144658,opinionated,pro
20260926-090514_laneA_exp1_prompt_vs_steer_issuebench_qwen3-8b,qwen3-8b,issuebench,prompt_pos,0,issuebench-sample-144658,opinionated,pro
20260926-090514_laneA_exp1_prompt_vs_steer_issuebench_qwen3-8b,qwen3-8b,issuebench,prompt_neg,0,issuebench-sample-144658,neutral,pro
20260926-090514_laneA_exp1_prompt_vs_steer_issuebench_qwen3-8b,qwen3-8b,issuebench,initial,0,issuebench-sample-408789,neutral,con
20260926-090514_laneA_exp1_prompt_vs_steer_issuebench_qwen3-8b,qwen3-8b,issuebench,steered_pos,8.0,issuebench-sample-408789,opinionated,con
20260926-090514_laneA_exp1_prompt_vs_steer_issuebench_qwen3-8b,qwen3-8b,issuebench,steered_neg,-8.0,issuebench-sample-408789,neutral,con
20260926-090514_laneA_exp1_prompt_vs_steer_issuebench_qwen3-8b,qwen3-8b,issuebench,prompt_pos,0,issuebench-sample-408789,opinionated,con
20260926-090514_laneA_exp1_prompt_vs_steer_issuebench_qwen3-8b,qwen3-8b,issuebench,prompt_neg,0,issuebench-sample-408789,neutral,con
20260926-090514_laneA_exp1_prompt_vs_steer_issuebench_qwen3-8b,qwen3-8b,issuebench,initial,0,issuebench-sample-463850,neutral,neutral
20260926-090514_laneA_exp1_prompt_vs_steer_issuebench_qwen3-8b,qwen3-8b,issuebench,steered_pos,8.0,issuebench-sample-463850,opinionated,neutral
20260926-090514_laneA_exp1_prompt_vs_steer_issuebench_qwen3-8b,qwen3-8b,issuebench,steered_neg,-8.0,issuebench-sample-463850,neutral,neutral
20260926-090514_laneA_exp1_prompt_vs_steer_issuebench_qwen3-8b,qwen3-8b,issuebench,prompt_pos,0,issuebench-sample-463850,opinionated,neutral
20260926-090514_laneA_exp1_prompt_vs_steer_issuebench_qwen3-8b,qwen3-8b,issuebench,prompt_neg,0,issuebench-sample-463850,neutral,neutral
20260926-090514_laneA_exp1_prompt_vs_steer_issuebench_qwen3-8b,qwen3-8b,issuebench,initial,0,issuebench-sample-539043,opinionated,pro
20260926-090514_laneA_exp1_prompt_vs_steer_issuebench_qwen3-8b,qwen3-8b,issuebench,steered_pos,8.0,issuebench-sample-539043,opinionated,pro
20260926-090514_laneA_exp1_prompt_vs_steer_issuebench_qwen3-8b,qwen3-8b,issuebench,steered_neg,-8.0,issuebench-sample-539043,neutral,pro
20260926-090514_laneA_exp1_prompt_vs_steer_issuebench_qwen3-8b,qwen3-8b,issuebench,prompt_pos,0,issuebench-sample-539043,neutral,pro
20260926-090514_laneA_exp1_prompt_vs_steer_issuebench_qwen3-8b,qwen3-8b,issuebench,prompt_neg,0,issuebench-sample-539043,neutral,pro
20260926-090514_laneA_exp1_prompt_vs_steer_issuebench_qwen3-8b,qwen3-8b,issuebench,initial,0,issuebench-sample-386525,opinionated,con
20260926-090514_laneA_exp1_prompt_vs_steer_issuebench_qwen3-8b,qwen3-8b,issuebench,steered_pos,8.0,issuebench-sample-386525,opinionated,con
20260926-090514_laneA_exp1_prompt_vs_steer_issuebench_qwen3-8b,qwen3-8b,issuebench,steered_neg,-8.0,issuebench-sample-386525,opinionated,con
20260926-090514_laneA_exp1_prompt_vs_steer_issuebench_qwen3-8b,qwen3-8b,issuebench,prompt_pos,0,issuebench-sample-386525,opinionated,con
20260926-090514_laneA_exp1_prompt_vs_steer_issuebench_qwen3-8b,qwen3-8b,issuebench,prompt_neg,0,issuebench-sample-386525,neutral,con
20260926-090514_laneA_exp1_prompt_vs_steer_issuebench_qwen3-8b,qwen3-8b,issuebench,initial,0,issuebench-sample-295832,opinionated,neutral
20260926-090514_laneA_exp1_prompt_vs_steer_issuebench_qwen3-8b,qwen3-8b,issuebench,steered_pos,8.0,issuebench-sample-295832,neutral,neutral
20260926-090514_laneA_exp1_prompt_vs_steer_issuebench_qwen3-8b,qwen3-8b,issuebench,steered_neg,-8.0,issuebench-sample-295832,neutral,neutral
20260926-090514_laneA_exp1_prompt_vs_steer_issuebench_qwen3-8b,qwen3-8b,issuebench,prompt_pos,0,issuebench-sample-295832,neutral,neutral
20260926-090514_laneA_exp1_prompt_vs_steer_issuebench_qwen3-8b,qwen3-8b,issuebench,prompt_neg,0,issuebench-sample-295832,neutral,neutral
20260926-090514_laneA_exp1_prompt_vs_steer_issuebench_qwen3-8b,qwen3-8b,issuebench,initial,0,issuebench-sample-348827,opinionated,pro
20260926-090514_laneA_exp1_prompt_vs_steer_issuebench_qwen3-8b,qwen3-8b,issuebench,steered_pos,8.0,issuebench-sample-348827,opinionated,pro
20260926-090514_laneA_exp1_prompt_vs_steer_issuebench_qwen3-8b,qwen3-8b,issuebench,steered_neg,-8.0,issuebench-sample-348827,neutral,pro
20260926-090514_laneA_exp1_prompt_vs_steer_issuebench_qwen3-8b,qwen3-8b,issuebench,prompt_pos,0,issuebench-sample-348827,opinionated,pro
20260926-090514_laneA_exp1_prompt_vs_steer_issuebench_qwen3-8b,qwen3-8b,issuebench,prompt_neg,0,issuebench-sample-348827,opinionated,pro
20260926-090514_laneA_exp1_prompt_vs_steer_issuebench_qwen3-8b,qwen3-8b,issuebench,initial,0,issuebench-sample-75097,neutral,neutral
20260926-090514_laneA_exp1_prompt_vs_steer_issuebench_qwen3-8b,qwen3-8b,issuebench,steered_pos,8.0,issuebench-sample-75097,opinionated,neutral
20260926-090514_laneA_exp1_prompt_vs_steer_issuebench_qwen3-8b,qwen3-8b,issuebench,steered_neg,-8.0,issuebench-sample-75097,neutral,neutral
20260926-090514_laneA_exp1_prompt_vs_steer_issuebench_qwen3-8b,qwen3-8b,issuebench,prompt_pos,0,issuebench-sample-75097,neutral,neutral
20260926-090514_laneA_exp1_prompt_vs_steer_issuebench_qwen3-8b,qwen3-8b,issuebench,prompt_neg,0,issuebench-sample-75097,neutral,neutral
20260926-090514_laneA_exp1_prompt_vs_steer_issuebench_qwen3-8b,qwen3-8b,issuebench,initial,0,issuebench-sample-116340,opinionated,con
20260926-090514_laneA_exp1_prompt_vs_steer_issuebench_qwen3-8b,qwen3-8b,issuebench,steered_pos,8.0,issuebench-sample-116340,opinionated,con
20260926-090514_laneA_exp1_prompt_vs_steer_issuebench_qwen3-8b,qwen3-8b,issuebench,steered_neg,-8.0,issuebench-sample-116340,neutral,con
20260926-090514_laneA_exp1_prompt_vs_steer_issuebench_qwen3-8b,qwen3-8b,issuebench,prompt_pos,0,issuebench-sample-116340,opinionated,con
20260926-090514_laneA_exp1_prompt_vs_steer_issuebench_qwen3-8b,qwen3-8b,issuebench,prompt_neg,0,issuebench-sample-116340,neutral,con
20260926-090514_laneA_exp1_prompt_vs_steer_issuebench_qwen3-8b,qwen3-8b,issuebench,initial,0,issuebench-sample-594336,opinionated,pro
20260926-090514_laneA_exp1_prompt_vs_steer_issuebench_qwen3-8b,qwen3-8b,issuebench,steered_pos,8.0,issuebench-sample-594336,opinionated,pro
20260926-090514_laneA_exp1_prompt_vs_steer_issuebench_qwen3-8b,qwen3-8b,issuebench,steered_neg,-8.0,issuebench-sample-594336,neutral,pro
20260926-090514_laneA_exp1_prompt_vs_steer_issuebench_qwen3-8b,qwen3-8b,issuebench,prompt_pos,0,issuebench-sample-594336,opinionated,pro
20260926-090514_laneA_exp1_prompt_vs_steer_issuebench_qwen3-8b,qwen3-8b,issuebench,prompt_neg,0,issuebench-sample-594336,neutral,pro
20260926-090514_laneA_exp1_prompt_vs_steer_issuebench_qwen3-8b,qwen3-8b,issuebench,initial,0,issuebench-sample-385637,opinionated,pro
20260926-090514_laneA_exp1_prompt_vs_steer_issuebench_qwen3-8b,qwen3-8b,issuebench,steered_pos,8.0,issuebench-sample-385637,opinionated,pro
20260926-090514_laneA_exp1_prompt_vs_steer_issuebench_qwen3-8b,qwen3-8b,issuebench,steered_neg,-8.0,issuebench-sample-385637,neutral,pro
20260926-090514_laneA_exp1_prompt_vs_steer_issuebench_qwen3-8b,qwen3-8b,issuebench,prompt_pos,0,issuebench-sample-385637,opinionated,pro
20260926-090514_laneA_exp1_prompt_vs_steer_issuebench_qwen3-8b,qwen3-8b,issuebench,prompt_neg,0,issuebench-sample-385637,opinionated,pro
20260926-090514_laneA_exp1_prompt_vs_steer_issuebench_qwen3-8b,qwen3-8b,issuebench,initial,0,issuebench-sample-333381,neutral,neutral
20260926-090514_laneA_exp1_prompt_vs_steer_issuebench_qwen3-8b,qwen3-8b,issuebench,steered_pos,8.0,issuebench-sample-333381,opinionated,neutral
20260926-090514_laneA_exp1_prompt_vs_steer_issuebench_qwen3-8b,qwen3-8b,issuebench,steered_neg,-8.0,issuebench-sample-333381,neutral,neutral
20260926-090514_laneA_exp1_prompt_vs_steer_issuebench_qwen3-8b,qwen3-8b,issuebench,prompt_pos,0,issuebench-sample-333381,neutral,neutral
20260926-090514_laneA_exp1_prompt_vs_steer_issuebench_qwen3-8b,qwen3-8b,issuebench,prompt_neg,0,issuebench-sample-333381,neutral,neutral
20260926-090514_laneA_exp1_prompt_vs_steer_issuebench_qwen3-8b,qwen3-8b,issuebench,initial,0,issuebench-sample-243482,opinionated,con
20260926-090514_laneA_exp1_prompt_vs_steer_issuebench_qwen3-8b,qwen3-8b,issuebench,steered_pos,8.0,issuebench-sample-243482,opinionated,con
20260926-090514_laneA_exp1_prompt_vs_steer_issuebench_qwen3-8b,qwen3-8b,issuebench,steered_neg,-8.0,issuebench-sample-243482,opinionated,con
20260926-090514_laneA_exp1_prompt_vs_steer_issuebench_qwen3-8b,qwen3-8b,issuebench,prompt_pos,0,issuebench-sample-243482,opinionated,con
20260926-090514_laneA_exp1_prompt_vs_steer_issuebench_qwen3-8b,qwen3-8b,issuebench,prompt_neg,0,issuebench-sample-243482,neutral,con
20260926-090514_laneA_exp1_prompt_vs_steer_issuebench_qwen3-8b,qwen3-8b,issuebench,initial,0,issuebench-sample-503748,neutral,neutral
20260926-090514_laneA_exp1_prompt_vs_steer_issuebench_qwen3-8b,qwen3-8b,issuebench,steered_pos,8.0,issuebench-sample-503748,opinionated,neutral
20260926-090514_laneA_exp1_prompt_vs_steer_issuebench_qwen3-8b,qwen3-8b,issuebench,steered_neg,-8.0,issuebench-sample-503748,neutral,neutral
20260926-090514_laneA_exp1_prompt_vs_steer_issuebench_qwen3-8b,qwen3-8b,issuebench,prompt_pos,0,issuebench-sample-503748,opinionated,neutral
20260926-090514_laneA_exp1_prompt_vs_steer_issuebench_qwen3-8b,qwen3-8b,issuebench,prompt_neg,0,issuebench-sample-503748,neutral,neutral
20260926-090514_laneA_exp1_prompt_vs_steer_issuebench_qwen3-8b,qwen3-8b,issuebench,initial,0,issuebench-sample-522099,neutral,con
20260926-090514_laneA_exp1_prompt_vs_steer_issuebench_qwen3-8b,qwen3-8b,issuebench,steered_pos,8.0,issuebench-sample-522099,neutral,con
20260926-090514_laneA_exp1_prompt_vs_steer_issuebench_qwen3-8b,qwen3-8b,issuebench,steered_neg,-8.0,issuebench-sample-522099,neutral,con
20260926-090514_laneA_exp1_prompt_vs_steer_issuebench_qwen3-8b,qwen3-8b,issuebench,prompt_pos,0,issuebench-sample-522099,opinionated,con
20260926-090514_laneA_exp1_prompt_vs_steer_issuebench_qwen3-8b,qwen3-8b,issuebench,prompt_neg,0,issuebench-sample-522099,neutral,con
20260926-090514_laneA_exp1_prompt_vs_steer_issuebench_qwen3-8b,qwen3-8b,issuebench,initial,0,issuebench-sample-606016,opinionated,con
20260926-090514_laneA_exp1_prompt_vs_steer_issuebench_qwen3-8b,qwen3-8b,issuebench,steered_pos,8.0,issuebench-sample-606016,opinionated,con
20260926-090514_laneA_exp1_prompt_vs_steer_issuebench_qwen3-8b,qwen3-8b,issuebench,steered_neg,-8.0,issuebench-sample-606016,neutral,con
20260926-090514_laneA_exp1_prompt_vs_steer_issuebench_qwen3-8b,qwen3-8b,issuebench,prompt_pos,0,issuebench-sample-606016,opinionated,con
20260926-090514_laneA_exp1_prompt_vs_steer_issuebench_qwen3-8b,qwen3-8b,issuebench,prompt_neg,0,issuebench-sample-606016,neutral,con
20260926-090514_laneA_exp1_prompt_vs_steer_issuebench_qwen3-8b,qwen3-8b,issuebench,initial,0,issuebench-sample-368130,neutral,con
20260926-090514_laneA_exp1_prompt_vs_steer_issuebench_qwen3-8b,qwen3-8b,issuebench,steered_pos,8.0,issuebench-sample-368130,opinionated,con
20260926-090514_laneA_exp1_prompt_vs_steer_issuebench_qwen3-8b,qwen3-8b,issuebench,steered_neg,-8.0,issuebench-sample-368130,neutral,con
20260926-090514_laneA_exp1_prompt_vs_steer_issuebench_qwen3-8b,qwen3-8b,issuebench,prompt_pos,0,issuebench-sample-368130,opinionated,con
20260926-090514_laneA_exp1_prompt_vs_steer_issuebench_qwen3-8b,qwen3-8b,issuebench,prompt_neg,0,issuebench-sample-368130,neutral,con
20260926-090514_laneA_exp1_prompt_vs_steer_issuebench_qwen3-8b,qwen3-8b,issuebench,initial,0,issuebench-sample-359302,opinionated,con
20260926-090514_laneA_exp1_prompt_vs_steer_issuebench_qwen3-8b,qwen3-8b,issuebench,steered_pos,8.0,issuebench-sample-359302,opinionated,con
20260926-090514_laneA_exp1_prompt_vs_steer_issuebench_qwen3-8b,qwen3-8b,issuebench,steered_neg,-8.0,issuebench-sample-359302,neutral,con
20260926-090514_laneA_exp1_prompt_vs_steer_issuebench_qwen3-8b,qwen3-8b,issuebench,prompt_pos,0,issuebench-sample-359302,opinionated,con
20260926-090514_laneA_exp1_prompt_vs_steer_issuebench_qwen3-8b,qwen3-8b,issuebench,prompt_neg,0,issuebench-sample-359302,neutral,con
20260926-090514_laneA_exp1_prompt_vs_steer_issuebench_qwen3-8b,qwen3-8b,issuebench,initial,0,issuebench-sample-610726,neutral,neutral
20260926-090514_laneA_exp1_prompt_vs_steer_issuebench_qwen3-8b,qwen3-8b,issuebench,steered_pos,8.0,issuebench-sample-610726,opinionated,neutral
20260926-090514_laneA_exp1_prompt_vs_steer_issuebench_qwen3-8b,qwen3-8b,issuebench,steered_neg,-8.0,issuebench-sample-610726,neutral,neutral
20260926-090514_laneA_exp1_prompt_vs_steer_issuebench_qwen3-8b,qwen3-8b,issuebench,prompt_pos,0,issuebench-sample-610726,neutral,neutral
20260926-090514_laneA_exp1_prompt_vs_steer_issuebench_qwen3-8b,qwen3-8b,issuebench,prompt_neg,0,issuebench-sample-610726,neutral,neutral
20260926-090514_laneA_exp1_prompt_vs_steer_issuebench_qwen3-8b,qwen3-8b,issuebench,initial,0,issuebench-sample-519816,neutral,neutral
20260926-090514_laneA_exp1_prompt_vs_steer_issuebench_qwen3-8b,qwen3-8b,issuebench,steered_pos,8.0,issuebench-sample-519816,opinionated,neutral
20260926-090514_laneA_exp1_prompt_vs_steer_issuebench_qwen3-8b,qwen3-8b,issuebench,steered_neg,-8.0,issuebench-sample-519816,neutral,neutral
20260926-090514_laneA_exp1_prompt_vs_steer_issuebench_qwen3-8b,qwen3-8b,issuebench,prompt_pos,0,issuebench-sample-519816,opinionated,neutral
20260926-090514_laneA_exp1_prompt_vs_steer_issuebench_qwen3-8b,qwen3-8b,issuebench,prompt_neg,0,issuebench-sample-519816,neutral,neutral
20260926-090514_laneA_exp1_prompt_vs_steer_issuebench_qwen3-8b,qwen3-8b,issuebench,initial,0,issuebench-sample-565963,neutral,con
20260926-090514_laneA_exp1_prompt_vs_steer_issuebench_qwen3-8b,qwen3-8b,issuebench,steered_pos,8.0,issuebench-sample-565963,opinionated,con
20260926-090514_laneA_exp1_prompt_vs_steer_issuebench_qwen3-8b,qwen3-8b,issuebench,steered_neg,-8.0,issuebench-sample-565963,neutral,con
20260926-090514_laneA_exp1_prompt_vs_steer_issuebench_qwen3-8b,qwen3-8b,issuebench,prompt_pos,0,issuebench-sample-565963,neutral,con
20260926-090514_laneA_exp1_prompt_vs_steer_issuebench_qwen3-8b,qwen3-8b,issuebench,prompt_neg,0,issuebench-sample-565963,neutral,con
20260926-090514_laneA_exp1_prompt_vs_steer_issuebench_qwen3-8b,qwen3-8b,issuebench,initial,0,issuebench-sample-559862,opinionated,neutral
20260926-090514_laneA_exp1_prompt_vs_steer_issuebench_qwen3-8b,qwen3-8b,issuebench,steered_pos,8.0,issuebench-sample-559862,opinionated,neutral
20260926-090514_laneA_exp1_prompt_vs_steer_issuebench_qwen3-8b,qwen3-8b,issuebench,steered_neg,-8.0,issuebench-sample-559862,neutral,neutral
20260926-090514_laneA_exp1_prompt_vs_steer_issuebench_qwen3-8b,qwen3-8b,issuebench,prompt_pos,0,issuebench-sample-559862,opinionated,neutral
20260926-090514_laneA_exp1_prompt_vs_steer_issuebench_qwen3-8b,qwen3-8b,issuebench,prompt_neg,0,issuebench-sample-559862,neutral,neutral
20260926-090514_laneA_exp1_prompt_vs_steer_issuebench_qwen3-8b,qwen3-8b,issuebench,initial,0,issuebench-sample-371868,opinionated,con
20260926-090514_laneA_exp1_prompt_vs_steer_issuebench_qwen3-8b,qwen3-8b,issuebench,steered_pos,8.0,issuebench-sample-371868,opinionated,con
20260926-090514_laneA_exp1_prompt_vs_steer_issuebench_qwen3-8b,qwen3-8b,issuebench,steered_neg,-8.0,issuebench-sample-371868,neutral,con
20260926-090514_laneA_exp1_prompt_vs_steer_issuebench_qwen3-8b,qwen3-8b,issuebench,prompt_pos,0,issuebench-sample-371868,opinionated,con
20260926-090514_laneA_exp1_prompt_vs_steer_issuebench_qwen3-8b,qwen3-8b,issuebench,prompt_neg,0,issuebench-sample-371868,neutral,con
20260926-090514_laneA_exp1_prompt_vs_steer_issuebench_qwen3-8b,qwen3-8b,issuebench,initial,0,issuebench-sample-434633,neutral,pro
20260926-090514_laneA_exp1_prompt_vs_steer_issuebench_qwen3-8b,qwen3-8b,issuebench,steered_pos,8.0,issuebench-sample-434633,opinionated,pro
20260926-090514_laneA_exp1_prompt_vs_steer_issuebench_qwen3-8b,qwen3-8b,issuebench,steered_neg,-8.0,issuebench-sample-434633,neutral,pro
20260926-090514_laneA_exp1_prompt_vs_steer_issuebench_qwen3-8b,qwen3-8b,issuebench,prompt_pos,0,issuebench-sample-434633,opinionated,pro
20260926-090514_laneA_exp1_prompt_vs_steer_issuebench_qwen3-8b,qwen3-8b,issuebench,prompt_neg,0,issuebench-sample-434633,neutral,pro
20260926-090514_laneA_exp1_prompt_vs_steer_issuebench_qwen3-8b,qwen3-8b,issuebench,initial,0,issuebench-sample-160362,neutral,neutral
20260926-090514_laneA_exp1_prompt_vs_steer_issuebench_qwen3-8b,qwen3-8b,issuebench,steered_pos,8.0,issuebench-sample-160362,opinionated,neutral
20260926-090514_laneA_exp1_prompt_vs_steer_issuebench_qwen3-8b,qwen3-8b,issuebench,steered_neg,-8.0,issuebench-sample-160362,neutral,neutral
20260926-090514_laneA_exp1_prompt_vs_steer_issuebench_qwen3-8b,qwen3-8b,issuebench,prompt_pos,0,issuebench-sample-160362,opinionated,neutral
20260926-090514_laneA_exp1_prompt_vs_steer_issuebench_qwen3-8b,qwen3-8b,issuebench,prompt_neg,0,issuebench-sample-160362,neutral,neutral
20260926-090514_laneA_exp1_prompt_vs_steer_issuebench_qwen3-8b,qwen3-8b,issuebench,initial,0,issuebench-sample-387918,opinionated,con
20260926-090514_laneA_exp1_prompt_vs_steer_issuebench_qwen3-8b,qwen3-8b,issuebench,steered_pos,8.0,issuebench-sample-387918,opinionated,con
20260926-090514_laneA_exp1_prompt_vs_steer_issuebench_qwen3-8b,qwen3-8b,issuebench,steered_neg,-8.0,issuebench-sample-387918,neutral,con
20260926-090514_laneA_exp1_prompt_vs_steer_issuebench_qwen3-8b,qwen3-8b,issuebench,prompt_pos,0,issuebench-sample-387918,opinionated,con
20260926-090514_laneA_exp1_prompt_vs_steer_issuebench_qwen3-8b,qwen3-8b,issuebench,prompt_neg,0,issuebench-sample-387918,neutral,con
20260926-090514_laneA_exp1_prompt_vs_steer_issuebench_qwen3-8b,qwen3-8b,issuebench,initial,0,issuebench-sample-306662,neutral,neutral
20260926-090514_laneA_exp1_prompt_vs_steer_issuebench_qwen3-8b,qwen3-8b,issuebench,steered_pos,8.0,issuebench-sample-306662,opinionated,neutral
20260926-090514_laneA_exp1_prompt_vs_steer_issuebench_qwen3-8b,qwen3-8b,issuebench,steered_neg,-8.0,issuebench-sample-306662,neutral,neutral
20260926-090514_laneA_exp1_prompt_vs_steer_issuebench_qwen3-8b,qwen3-8b,issuebench,prompt_pos,0,issuebench-sample-306662,neutral,neutral
20260926-090514_laneA_exp1_prompt_vs_steer_issuebench_qwen3-8b,qwen3-8b,issuebench,prompt_neg,0,issuebench-sample-306662,neutral,neutral
20260926-090514_laneA_exp1_prompt_vs_steer_issuebench_qwen3-8b,qwen3-8b,issuebench,initial,0,issuebench-sample-96199,opinionated,neutral
20260926-090514_laneA_exp1_prompt_vs_steer_issuebench_qwen3-8b,qwen3-8b,issuebench,steered_pos,8.0,issuebench-sample-96199,opinionated,neutral
20260926-090514_laneA_exp1_prompt_vs_steer_issuebench_qwen3-8b,qwen3-8b,issuebench,steered_neg,-8.0,issuebench-sample-96199,neutral,neutral
20260926-090514_laneA_exp1_prompt_vs_steer_issuebench_qwen3-8b,qwen3-8b,issuebench,prompt_pos,0,issuebench-sample-96199,opinionated,neutral
20260926-090514_laneA_exp1_prompt_vs_steer_issuebench_qwen3-8b,qwen3-8b,issuebench,prompt_neg,0,issuebench-sample-96199,neutral,neutral
20260926-090514_laneA_exp1_prompt_vs_steer_issuebench_qwen3-8b,qwen3-8b,issuebench,initial,0,issuebench-sample-114786,opinionated,pro
20260926-090514_laneA_exp1_prompt_vs_steer_issuebench_qwen3-8b,qwen3-8b,issuebench,steered_pos,8.0,issuebench-sample-114786,opinionated,pro
20260926-090514_laneA_exp1_prompt_vs_steer_issuebench_qwen3-8b,qwen3-8b,issuebench,steered_neg,-8.0,issuebench-sample-114786,neutral,pro
20260926-090514_laneA_exp1_prompt_vs_steer_issuebench_qwen3-8b,qwen3-8b,issuebench,prompt_pos,0,issuebench-sample-114786,opinionated,pro
20260926-090514_laneA_exp1_prompt_vs_steer_issuebench_qwen3-8b,qwen3-8b,issuebench,prompt_neg,0,issuebench-sample-114786,neutral,pro
20260926-090514_laneA_exp1_prompt_vs_steer_issuebench_qwen3-8b,qwen3-8b,issuebench,initial,0,issuebench-sample-613959,opinionated,pro
20260926-090514_laneA_exp1_prompt_vs_steer_issuebench_qwen3-8b,qwen3-8b,issuebench,steered_pos,8.0,issuebench-sample-613959,opinionated,pro
20260926-090514_laneA_exp1_prompt_vs_steer_issuebench_qwen3-8b,qwen3-8b,issuebench,steered_neg,-8.0,issuebench-sample-613959,neutral,pro
20260926-090514_laneA_exp1_prompt_vs_steer_issuebench_qwen3-8b,qwen3-8b,issuebench,prompt_pos,0,issuebench-sample-613959,opinionated,pro
20260926-090514_laneA_exp1_prompt_vs_steer_issuebench_qwen3-8b,qwen3-8b,issuebench,prompt_neg,0,issuebench-sample-613959,neutral,pro
20260926-090514_laneA_exp1_prompt_vs_steer_issuebench_qwen3-8b,qwen3-8b,issuebench,initial,0,issuebench-sample-598529,neutral,neutral
20260926-090514_laneA_exp1_prompt_vs_steer_issuebench_qwen3-8b,qwen3-8b,issuebench,steered_pos,8.0,issuebench-sample-598529,opinionated,neutral
20260926-090514_laneA_exp1_prompt_vs_steer_issuebench_qwen3-8b,qwen3-8b,issuebench,steered_neg,-8.0,issuebench-sample-598529,neutral,neutral
20260926-090514_laneA_exp1_prompt_vs_steer_issuebench_qwen3-8b,qwen3-8b,issuebench,prompt_pos,0,issuebench-sample-598529,neutral,neutral
20260926-090514_laneA_exp1_prompt_vs_steer_issuebench_qwen3-8b,qwen3-8b,issuebench,prompt_neg,0,issuebench-sample-598529,neutral,neutral
20260926-090514_laneA_exp1_prompt_vs_steer_issuebench_qwen3-8b,qwen3-8b,issuebench,initial,0,issuebench-sample-498994,opinionated,pro
20260926-090514_laneA_exp1_prompt_vs_steer_issuebench_qwen3-8b,qwen3-8b,issuebench,steered_pos,8.0,issuebench-sample-498994,opinionated,pro
20260926-090514_laneA_exp1_prompt_vs_steer_issuebench_qwen3-8b,qwen3-8b,issuebench,steered_neg,-8.0,issuebench-sample-498994,neutral,pro
20260926-090514_laneA_exp1_prompt_vs_steer_issuebench_qwen3-8b,qwen3-8b,issuebench,prompt_pos,0,issuebench-sample-498994,opinionated,pro
20260926-090514_laneA_exp1_prompt_vs_steer_issuebench_qwen3-8b,qwen3-8b,issuebench,prompt_neg,0,issuebench-sample-498994,neutral,pro
20260926-090514_laneA_exp1_prompt_vs_steer_issuebench_qwen3-8b,qwen3-8b,issuebench,initial,0,issuebench-sample-328370,neutral,neutral
20260926-090514_laneA_exp1_prompt_vs_steer_issuebench_qwen3-8b,qwen3-8b,issuebench,steered_pos,8.0,issuebench-sample-328370,opinionated,neutral
20260926-090514_laneA_exp1_prompt_vs_steer_issuebench_qwen3-8b,qwen3-8b,issuebench,steered_neg,-8.0,issuebench-sample-328370,neutral,neutral
20260926-090514_laneA_exp1_prompt_vs_steer_issuebench_qwen3-8b,qwen3-8b,issuebench,prompt_pos,0,issuebench-sample-328370,opinionated,neutral
20260926-090514_laneA_exp1_prompt_vs_steer_issuebench_qwen3-8b,qwen3-8b,issuebench,prompt_neg,0,issuebench-sample-328370,neutral,neutral
20260926-090514_laneA_exp1_prompt_vs_steer_issuebench_qwen3-8b,qwen3-8b,issuebench,initial,0,issuebench-sample-249766,neutral,con
20260926-090514_laneA_exp1_prompt_vs_steer_issuebench_qwen3-8b,qwen3-8b,issuebench,steered_pos,8.0,issuebench-sample-249766,opinionated,con
20260926-090514_laneA_exp1_prompt_vs_steer_issuebench_qwen3-8b,qwen3-8b,issuebench,steered_neg,-8.0,issuebench-sample-249766,neutral,con
20260926-090514_laneA_exp1_prompt_vs_steer_issuebench_qwen3-8b,qwen3-8b,issuebench,prompt_pos,0,issuebench-sample-249766,neutral,con
20260926-090514_laneA_exp1_prompt_vs_steer_issuebench_qwen3-8b,qwen3-8b,issuebench,prompt_neg,0,issuebench-sample-249766,neutral,con
20260926-090514_laneA_exp1_prompt_vs_steer_issuebench_qwen3-8b,qwen3-8b,issuebench,initial,0,issuebench-sample-203626,neutral,neutral
20260926-090514_laneA_exp1_prompt_vs_steer_issuebench_qwen3-8b,qwen3-8b,issuebench,steered_pos,8.0,issuebench-sample-203626,opinionated,neutral
20260926-090514_laneA_exp1_prompt_vs_steer_issuebench_qwen3-8b,qwen3-8b,issuebench,steered_neg,-8.0,issuebench-sample-203626,neutral,neutral
20260926-090514_laneA_exp1_prompt_vs_steer_issuebench_qwen3-8b,qwen3-8b,issuebench,prompt_pos,0,issuebench-sample-203626,neutral,neutral
20260926-090514_laneA_exp1_prompt_vs_steer_issuebench_qwen3-8b,qwen3-8b,issuebench,prompt_neg,0,issuebench-sample-203626,neutral,neutral
20260926-090514_laneA_exp1_prompt_vs_steer_issuebench_qwen3-8b,qwen3-8b,issuebench,initial,0,issuebench-sample-176059,neutral,con
20260926-090514_laneA_exp1_prompt_vs_steer_issuebench_qwen3-8b,qwen3-8b,issuebench,steered_pos,8.0,issuebench-sample-176059,opinionated,con
20260926-090514_laneA_exp1_prompt_vs_steer_issuebench_qwen3-8b,qwen3-8b,issuebench,steered_neg,-8.0,issuebench-sample-176059,neutral,con
20260926-090514_laneA_exp1_prompt_vs_steer_issuebench_qwen3-8b,qwen3-8b,issuebench,prompt_pos,0,issuebench-sample-176059,opinionated,con
20260926-090514_laneA_exp1_prompt_vs_steer_issuebench_qwen3-8b,qwen3-8b,issuebench,prompt_neg,0,issuebench-sample-176059,neutral,con
20260926-090514_laneA_exp1_prompt_vs_steer_issuebench_qwen3-8b,qwen3-8b,issuebench,initial,0,issuebench-sample-519176,neutral,neutral
20260926-090514_laneA_exp1_prompt_vs_steer_issuebench_qwen3-8b,qwen3-8b,issuebench,steered_pos,8.0,issuebench-sample-519176,opinionated,neutral
20260926-090514_laneA_exp1_prompt_vs_steer_issuebench_qwen3-8b,qwen3-8b,issuebench,steered_neg,-8.0,issuebench-sample-519176,neutral,neutral
20260926-090514_laneA_exp1_prompt_vs_steer_issuebench_qwen3-8b,qwen3-8b,issuebench,prompt_pos,0,issuebench-sample-519176,opinionated,neutral
20260926-090514_laneA_exp1_prompt_vs_steer_issuebench_qwen3-8b,qwen3-8b,issuebench,prompt_neg,0,issuebench-sample-519176,neutral,neutral
20260926-090514_laneA_exp1_prompt_vs_steer_issuebench_qwen3-8b,qwen3-8b,issuebench,initial,0,issuebench-sample-30179,opinionated,pro
20260926-090514_laneA_exp1_prompt_vs_steer_issuebench_qwen3-8b,qwen3-8b,issuebench,steered_pos,8.0,issuebench-sample-30179,opinionated,pro
20260926-090514_laneA_exp1_prompt_vs_steer_issuebench_qwen3-8b,qwen3-8b,issuebench,steered_neg,-8.0,issuebench-sample-30179,neutral,pro
20260926-090514_laneA_exp1_prompt_vs_steer_issuebench_qwen3-8b,qwen3-8b,issuebench,prompt_pos,0,issuebench-sample-30179,opinionated,pro
20260926-090514_laneA_exp1_prompt_vs_steer_issuebench_qwen3-8b,qwen3-8b,issuebench,prompt_neg,0,issuebench-sample-30179,neutral,pro
20260926-090514_laneA_exp1_prompt_vs_steer_issuebench_qwen3-8b,qwen3-8b,issuebench,initial,0,issuebench-sample-19539,opinionated,con
20260926-090514_laneA_exp1_prompt_vs_steer_issuebench_qwen3-8b,qwen3-8b,issuebench,steered_pos,8.0,issuebench-sample-19539,opinionated,con
20260926-090514_laneA_exp1_prompt_vs_steer_issuebench_qwen3-8b,qwen3-8b,issuebench,steered_neg,-8.0,issuebench-sample-19539,neutral,con
20260926-090514_laneA_exp1_prompt_vs_steer_issuebench_qwen3-8b,qwen3-8b,issuebench,prompt_pos,0,issuebench-sample-19539,opinionated,con
20260926-090514_laneA_exp1_prompt_vs_steer_issuebench_qwen3-8b,qwen3-8b,issuebench,prompt_neg,0,issuebench-sample-19539,opinionated,con
20260926-090514_laneA_exp1_prompt_vs_steer_issuebench_qwen3-8b,qwen3-8b,issuebench,initial,0,issuebench-sample-175920,opinionated,pro
20260926-090514_laneA_exp1_prompt_vs_steer_issuebench_qwen3-8b,qwen3-8b,issuebench,steered_pos,8.0,issuebench-sample-175920,opinionated,pro
20260926-090514_laneA_exp1_prompt_vs_steer_issuebench_qwen3-8b,qwen3-8b,issuebench,steered_neg,-8.0,issuebench-sample-175920,neutral,pro
20260926-090514_laneA_exp1_prompt_vs_steer_issuebench_qwen3-8b,qwen3-8b,issuebench,prompt_pos,0,issuebench-sample-175920,opinionated,pro
20260926-090514_laneA_exp1_prompt_vs_steer_issuebench_qwen3-8b,qwen3-8b,issuebench,prompt_neg,0,issuebench-sample-175920,neutral,pro
20260926-090514_laneA_exp1_prompt_vs_steer_issuebench_qwen3-8b,qwen3-8b,issuebench,initial,0,issuebench-sample-53947,opinionated,con
20260926-090514_laneA_exp1_prompt_vs_steer_issuebench_qwen3-8b,qwen3-8b,issuebench,steered_pos,8.0,issuebench-sample-53947,opinionated,con
20260926-090514_laneA_exp1_prompt_vs_steer_issuebench_qwen3-8b,qwen3-8b,issuebench,steered_neg,-8.0,issuebench-sample-53947,neutral,con
20260926-090514_laneA_exp1_prompt_vs_steer_issuebench_qwen3-8b,qwen3-8b,issuebench,prompt_pos,0,issuebench-sample-53947,opinionated,con
20260926-090514_laneA_exp1_prompt_vs_steer_issuebench_qwen3-8b,qwen3-8b,issuebench,prompt_neg,0,issuebench-sample-53947,neutral,con
20260926-090514_laneA_exp1_prompt_vs_steer_issuebench_qwen3-8b,qwen3-8b,issuebench,initial,0,issuebench-sample-594939,opinionated,pro
20260926-090514_laneA_exp1_prompt_vs_steer_issuebench_qwen3-8b,qwen3-8b,issuebench,steered_pos,8.0,issuebench-sample-594939,opinionated,pro
20260926-090514_laneA_exp1_prompt_vs_steer_issuebench_qwen3-8b,qwen3-8b,issuebench,steered_neg,-8.0,issuebench-sample-594939,neutral,pro
20260926-090514_laneA_exp1_prompt_vs_steer_issuebench_qwen3-8b,qwen3-8b,issuebench,prompt_pos,0,issuebench-sample-594939,opinionated,pro
20260926-090514_laneA_exp1_prompt_vs_steer_issuebench_qwen3-8b,qwen3-8b,issuebench,prompt_neg,0,issuebench-sample-594939,neutral,pro
20260926-090514_laneA_exp1_prompt_vs_steer_issuebench_qwen3-8b,qwen3-8b,issuebench,initial,0,issuebench-sample-245958,opinionated,con
20260926-090514_laneA_exp1_prompt_vs_steer_issuebench_qwen3-8b,qwen3-8b,issuebench,steered_pos,8.0,issuebench-sample-245958,opinionated,con
20260926-090514_laneA_exp1_prompt_vs_steer_issuebench_qwen3-8b,qwen3-8b,issuebench,steered_neg,-8.0,issuebench-sample-245958,neutral,con
20260926-090514_laneA_exp1_prompt_vs_steer_issuebench_qwen3-8b,qwen3-8b,issuebench,prompt_pos,0,issuebench-sample-245958,opinionated,con
20260926-090514_laneA_exp1_prompt_vs_steer_issuebench_qwen3-8b,qwen3-8b,issuebench,prompt_neg,0,issuebench-sample-245958,opinionated,con
20260926-090514_laneA_exp1_prompt_vs_steer_issuebench_qwen3-8b,qwen3-8b,issuebench,initial,0,issuebench-sample-265924,neutral,neutral
20260926-090514_laneA_exp1_prompt_vs_steer_issuebench_qwen3-8b,qwen3-8b,issuebench,steered_pos,8.0,issuebench-sample-265924,opinionated,neutral
20260926-090514_laneA_exp1_prompt_vs_steer_issuebench_qwen3-8b,qwen3-8b,issuebench,steered_neg,-8.0,issuebench-sample-265924,neutral,neutral
20260926-090514_laneA_exp1_prompt_vs_steer_issuebench_qwen3-8b,qwen3-8b,issuebench,prompt_pos,0,issuebench-sample-265924,neutral,neutral
20260926-090514_laneA_exp1_prompt_vs_steer_issuebench_qwen3-8b,qwen3-8b,issuebench,prompt_neg,0,issuebench-sample-265924,neutral,neutral
20260926-090514_laneA_exp1_prompt_vs_steer_issuebench_qwen3-8b,qwen3-8b,issuebench,initial,0,issuebench-sample-205406,neutral,con
20260926-090514_laneA_exp1_prompt_vs_steer_issuebench_qwen3-8b,qwen3-8b,issuebench,steered_pos,8.0,issuebench-sample-205406,opinionated,con
20260926-090514_laneA_exp1_prompt_vs_steer_issuebench_qwen3-8b,qwen3-8b,issuebench,steered_neg,-8.0,issuebench-sample-205406,neutral,con
20260926-090514_laneA_exp1_prompt_vs_steer_issuebench_qwen3-8b,qwen3-8b,issuebench,prompt_pos,0,issuebench-sample-205406,opinionated,con
20260926-090514_laneA_exp1_prompt_vs_steer_issuebench_qwen3-8b,qwen3-8b,issuebench,prompt_neg,0,issuebench-sample-205406,neutral,con
20260926-090514_laneA_exp1_prompt_vs_steer_issuebench_qwen3-8b,qwen3-8b,issuebench,initial,0,issuebench-sample-273875,opinionated,pro
20260926-090514_laneA_exp1_prompt_vs_steer_issuebench_qwen3-8b,qwen3-8b,issuebench,steered_pos,8.0,issuebench-sample-273875,opinionated,pro
20260926-090514_laneA_exp1_prompt_vs_steer_issuebench_qwen3-8b,qwen3-8b,issuebench,steered_neg,-8.0,issuebench-sample-273875,neutral,pro
20260926-090514_laneA_exp1_prompt_vs_steer_issuebench_qwen3-8b,qwen3-8b,issuebench,prompt_pos,0,issuebench-sample-273875,opinionated,pro
20260926-090514_laneA_exp1_prompt_vs_steer_issuebench_qwen3-8b,qwen3-8b,issuebench,prompt_neg,0,issuebench-sample-273875,neutral,pro
20260926-090514_laneA_exp1_prompt_vs_steer_issuebench_qwen3-8b,qwen3-8b,issuebench,initial,0,issuebench-sample-48996,neutral,neutral
20260926-090514_laneA_exp1_prompt_vs_steer_issuebench_qwen3-8b,qwen3-8b,issuebench,steered_pos,8.0,issuebench-sample-48996,opinionated,neutral
20260926-090514_laneA_exp1_prompt_vs_steer_issuebench_qwen3-8b,qwen3-8b,issuebench,steered_neg,-8.0,issuebench-sample-48996,neutral,neutral
20260926-090514_laneA_exp1_prompt_vs_steer_issuebench_qwen3-8b,qwen3-8b,issuebench,prompt_pos,0,issuebench-sample-48996,neutral,neutral
20260926-090514_laneA_exp1_prompt_vs_steer_issuebench_qwen3-8b,qwen3-8b,issuebench,prompt_neg,0,issuebench-sample-48996,neutral,neutral
20260926-090514_laneA_exp1_prompt_vs_steer_issuebench_qwen3-8b,qwen3-8b,issuebench,initial,0,issuebench-sample-302662,opinionated,con
20260926-090514_laneA_exp1_prompt_vs_steer_issuebench_qwen3-8b,qwen3-8b,issuebench,steered_pos,8.0,issuebench-sample-302662,opinionated,con
20260926-090514_laneA_exp1_prompt_vs_steer_issuebench_qwen3-8b,qwen3-8b,issuebench,steered_neg,-8.0,issuebench-sample-302662,neutral,con
20260926-090514_laneA_exp1_prompt_vs_steer_issuebench_qwen3-8b,qwen3-8b,issuebench,prompt_pos,0,issuebench-sample-302662,opinionated,con
20260926-090514_laneA_exp1_prompt_vs_steer_issuebench_qwen3-8b,qwen3-8b,issuebench,prompt_neg,0,issuebench-sample-302662,neutral,con
20260926-090514_laneA_exp1_prompt_vs_steer_issuebench_qwen3-8b,qwen3-8b,issuebench,initial,0,issuebench-sample-486783,neutral,pro
20260926-090514_laneA_exp1_prompt_vs_steer_issuebench_qwen3-8b,qwen3-8b,issuebench,steered_pos,8.0,issuebench-sample-486783,neutral,pro
20260926-090514_laneA_exp1_prompt_vs_steer_issuebench_qwen3-8b,qwen3-8b,issuebench,steered_neg,-8.0,issuebench-sample-486783,neutral,pro
20260926-090514_laneA_exp1_prompt_vs_steer_issuebench_qwen3-8b,qwen3-8b,issuebench,prompt_pos,0,issuebench-sample-486783,opinionated,pro
20260926-090514_laneA_exp1_prompt_vs_steer_issuebench_qwen3-8b,qwen3-8b,issuebench,prompt_neg,0,issuebench-sample-486783,neutral,pro
20260926-090514_laneA_exp1_prompt_vs_steer_issuebench_qwen3-8b,qwen3-8b,issuebench,initial,0,issuebench-sample-471632,opinionated,pro
20260926-090514_laneA_exp1_prompt_vs_steer_issuebench_qwen3-8b,qwen3-8b,issuebench,steered_pos,8.0,issuebench-sample-471632,opinionated,pro
20260926-090514_laneA_exp1_prompt_vs_steer_issuebench_qwen3-8b,qwen3-8b,issuebench,steered_neg,-8.0,issuebench-sample-471632,neutral,pro
20260926-090514_laneA_exp1_prompt_vs_steer_issuebench_qwen3-8b,qwen3-8b,issuebench,prompt_pos,0,issuebench-sample-471632,opinionated,pro
20260926-090514_laneA_exp1_prompt_vs_steer_issuebench_qwen3-8b,qwen3-8b,issuebench,prompt_neg,0,issuebench-sample-471632,neutral,pro
20260926-090514_laneA_exp1_prompt_vs_steer_issuebench_qwen3-8b,qwen3-8b,issuebench,initial,0,issuebench-sample-409224,neutral,pro
20260926-090514_laneA_exp1_prompt_vs_steer_issuebench_qwen3-8b,qwen3-8b,issuebench,steered_pos,8.0,issuebench-sample-409224,opinionated,pro
20260926-090514_laneA_exp1_prompt_vs_steer_issuebench_qwen3-8b,qwen3-8b,issuebench,steered_neg,-8.0,issuebench-sample-409224,neutral,pro
20260926-090514_laneA_exp1_prompt_vs_steer_issuebench_qwen3-8b,qwen3-8b,issuebench,prompt_pos,0,issuebench-sample-409224,opinionated,pro
20260926-090514_laneA_exp1_prompt_vs_steer_issuebench_qwen3-8b,qwen3-8b,issuebench,prompt_neg,0,issuebench-sample-409224,neutral,pro
20260926-090514_laneA_exp1_prompt_vs_steer_issuebench_qwen3-8b,qwen3-8b,issuebench,initial,0,issuebench-sample-61943,neutral,pro
20260926-090514_laneA_exp1_prompt_vs_steer_issuebench_qwen3-8b,qwen3-8b,issuebench,steered_pos,8.0,issuebench-sample-61943,opinionated,pro
20260926-090514_laneA_exp1_prompt_vs_steer_issuebench_qwen3-8b,qwen3-8b,issuebench,steered_neg,-8.0,issuebench-sample-61943,neutral,pro
20260926-090514_laneA_exp1_prompt_vs_steer_issuebench_qwen3-8b,qwen3-8b,issuebench,prompt_pos,0,issuebench-sample-61943,opinionated,pro
20260926-090514_laneA_exp1_prompt_vs_steer_issuebench_qwen3-8b,qwen3-8b,issuebench,prompt_neg,0,issuebench-sample-61943,neutral,pro
20260926-090514_laneA_exp1_prompt_vs_steer_issuebench_qwen3-8b,qwen3-8b,issuebench,initial,0,issuebench-sample-76239,neutral,con
20260926-090514_laneA_exp1_prompt_vs_steer_issuebench_qwen3-8b,qwen3-8b,issuebench,steered_pos,8.0,issuebench-sample-76239,opinionated,con
20260926-090514_laneA_exp1_prompt_vs_steer_issuebench_qwen3-8b,qwen3-8b,issuebench,steered_neg,-8.0,issuebench-sample-76239,neutral,con
20260926-090514_laneA_exp1_prompt_vs_steer_issuebench_qwen3-8b,qwen3-8b,issuebench,prompt_pos,0,issuebench-sample-76239,opinionated,con
20260926-090514_laneA_exp1_prompt_vs_steer_issuebench_qwen3-8b,qwen3-8b,issuebench,prompt_neg,0,issuebench-sample-76239,neutral,con
20260926-090514_laneA_exp1_prompt_vs_steer_issuebench_qwen3-8b,qwen3-8b,issuebench,initial,0,issuebench-sample-518174,neutral,con
20260926-090514_laneA_exp1_prompt_vs_steer_issuebench_qwen3-8b,qwen3-8b,issuebench,steered_pos,8.0,issuebench-sample-518174,opinionated,con
20260926-090514_laneA_exp1_prompt_vs_steer_issuebench_qwen3-8b,qwen3-8b,issuebench,steered_neg,-8.0,issuebench-sample-518174,neutral,con
20260926-090514_laneA_exp1_prompt_vs_steer_issuebench_qwen3-8b,qwen3-8b,issuebench,prompt_pos,0,issuebench-sample-518174,neutral,con
20260926-090514_laneA_exp1_prompt_vs_steer_issuebench_qwen3-8b,qwen3-8b,issuebench,prompt_neg,0,issuebench-sample-518174,neutral,con
20260926-090514_laneA_exp1_prompt_vs_steer_issuebench_qwen3-8b,qwen3-8b,issuebench,initial,0,issuebench-sample-134785,opinionated,con
20260926-090514_laneA_exp1_prompt_vs_steer_issuebench_qwen3-8b,qwen3-8b,issuebench,steered_pos,8.0,issuebench-sample-134785,opinionated,con
20260926-090514_laneA_exp1_prompt_vs_steer_issuebench_qwen3-8b,qwen3-8b,issuebench,steered_neg,-8.0,issuebench-sample-134785,neutral,con
20260926-090514_laneA_exp1_prompt_vs_steer_issuebench_qwen3-8b,qwen3-8b,issuebench,prompt_pos,0,issuebench-sample-134785,opinionated,con
20260926-090514_laneA_exp1_prompt_vs_steer_issuebench_qwen3-8b,qwen3-8b,issuebench,prompt_neg,0,issuebench-sample-134785,neutral,con
20260926-090514_laneA_exp1_prompt_vs_steer_issuebench_qwen3-8b,qwen3-8b,issuebench,initial,0,issuebench-sample-57904,neutral,neutral
20260926-090514_laneA_exp1_prompt_vs_steer_issuebench_qwen3-8b,qwen3-8b,issuebench,steered_pos,8.0,issuebench-sample-57904,opinionated,neutral
20260926-090514_laneA_exp1_prompt_vs_steer_issuebench_qwen3-8b,qwen3-8b,issuebench,steered_neg,-8.0,issuebench-sample-57904,neutral,neutral
20260926-090514_laneA_exp1_prompt_vs_steer_issuebench_qwen3-8b,qwen3-8b,issuebench,prompt_pos,0,issuebench-sample-57904,opinionated,neutral
20260926-090514_laneA_exp1_prompt_vs_steer_issuebench_qwen3-8b,qwen3-8b,issuebench,prompt_neg,0,issuebench-sample-57904,neutral,neutral
20260926-090514_laneA_exp1_prompt_vs_steer_issuebench_qwen3-8b,qwen3-8b,issuebench,initial,0,issuebench-sample-417246,neutral,neutral
20260926-090514_laneA_exp1_prompt_vs_steer_issuebench_qwen3-8b,qwen3-8b,issuebench,steered_pos,8.0,issuebench-sample-417246,opinionated,neutral
20260926-090514_laneA_exp1_prompt_vs_steer_issuebench_qwen3-8b,qwen3-8b,issuebench,steered_neg,-8.0,issuebench-sample-417246,neutral,neutral
20260926-090514_laneA_exp1_prompt_vs_steer_issuebench_qwen3-8b,qwen3-8b,issuebench,prompt_pos,0,issuebench-sample-417246,neutral,neutral
20260926-090514_laneA_exp1_prompt_vs_steer_issuebench_qwen3-8b,qwen3-8b,issuebench,prompt_neg,0,issuebench-sample-417246,neutral,neutral
20260926-090514_laneA_exp1_prompt_vs_steer_issuebench_qwen3-8b,qwen3-8b,issuebench,initial,0,issuebench-sample-220242,neutral,neutral
20260926-090514_laneA_exp1_prompt_vs_steer_issuebench_qwen3-8b,qwen3-8b,issuebench,steered_pos,8.0,issuebench-sample-220242,opinionated,neutral
20260926-090514_laneA_exp1_prompt_vs_steer_issuebench_qwen3-8b,qwen3-8b,issuebench,steered_neg,-8.0,issuebench-sample-220242,neutral,neutral
20260926-090514_laneA_exp1_prompt_vs_steer_issuebench_qwen3-8b,qwen3-8b,issuebench,prompt_pos,0,issuebench-sample-220242,opinionated,neutral
20260926-090514_laneA_exp1_prompt_vs_steer_issuebench_qwen3-8b,qwen3-8b,issuebench,prompt_neg,0,issuebench-sample-220242,neutral,neutral
20260926-090514_laneA_exp1_prompt_vs_steer_issuebench_qwen3-8b,qwen3-8b,issuebench,initial,0,issuebench-sample-478381,neutral,neutral
20260926-090514_laneA_exp1_prompt_vs_steer_issuebench_qwen3-8b,qwen3-8b,issuebench,steered_pos,8.0,issuebench-sample-478381,opinionated,neutral
20260926-090514_laneA_exp1_prompt_vs_steer_issuebench_qwen3-8b,qwen3-8b,issuebench,steered_neg,-8.0,issuebench-sample-478381,neutral,neutral
20260926-090514_laneA_exp1_prompt_vs_steer_issuebench_qwen3-8b,qwen3-8b,issuebench,prompt_pos,0,issuebench-sample-478381,neutral,neutral
20260926-090514_laneA_exp1_prompt_vs_steer_issuebench_qwen3-8b,qwen3-8b,issuebench,prompt_neg,0,issuebench-sample-478381,neutral,neutral
20260926-090514_laneA_exp1_prompt_vs_steer_issuebench_qwen3-8b,qwen3-8b,issuebench,initial,0,issuebench-sample-513365,neutral,neutral
20260926-090514_laneA_exp1_prompt_vs_steer_issuebench_qwen3-8b,qwen3-8b,issuebench,steered_pos,8.0,issuebench-sample-513365,opinionated,neutral
20260926-090514_laneA_exp1_prompt_vs_steer_issuebench_qwen3-8b,qwen3-8b,issuebench,steered_neg,-8.0,issuebench-sample-513365,neutral,neutral
20260926-090514_laneA_exp1_prompt_vs_steer_issuebench_qwen3-8b,qwen3-8b,issuebench,prompt_pos,0,issuebench-sample-513365,neutral,neutral
20260926-090514_laneA_exp1_prompt_vs_steer_issuebench_qwen3-8b,qwen3-8b,issuebench,prompt_neg,0,issuebench-sample-513365,neutral,neutral
20260926-090514_laneA_exp1_prompt_vs_steer_issuebench_qwen3-8b,qwen3-8b,issuebench,initial,0,issuebench-sample-157326,opinionated,pro
20260926-090514_laneA_exp1_prompt_vs_steer_issuebench_qwen3-8b,qwen3-8b,issuebench,steered_pos,8.0,issuebench-sample-157326,opinionated,pro
20260926-090514_laneA_exp1_prompt_vs_steer_issuebench_qwen3-8b,qwen3-8b,issuebench,steered_neg,-8.0,issuebench-sample-157326,neutral,pro
20260926-090514_laneA_exp1_prompt_vs_steer_issuebench_qwen3-8b,qwen3-8b,issuebench,prompt_pos,0,issuebench-sample-157326,opinionated,pro
20260926-090514_laneA_exp1_prompt_vs_steer_issuebench_qwen3-8b,qwen3-8b,issuebench,prompt_neg,0,issuebench-sample-157326,neutral,pro
20260926-090514_laneA_exp1_prompt_vs_steer_issuebench_qwen3-8b,qwen3-8b,issuebench,initial,0,issuebench-sample-458503,opinionated,con
20260926-090514_laneA_exp1_prompt_vs_steer_issuebench_qwen3-8b,qwen3-8b,issuebench,steered_pos,8.0,issuebench-sample-458503,opinionated,con
20260926-090514_laneA_exp1_prompt_vs_steer_issuebench_qwen3-8b,qwen3-8b,issuebench,steered_neg,-8.0,issuebench-sample-458503,neutral,con
20260926-090514_laneA_exp1_prompt_vs_steer_issuebench_qwen3-8b,qwen3-8b,issuebench,prompt_pos,0,issuebench-sample-458503,opinionated,con
20260926-090514_laneA_exp1_prompt_vs_steer_issuebench_qwen3-8b,qwen3-8b,issuebench,prompt_neg,0,issuebench-sample-458503,neutral,con
20260926-090514_laneA_exp1_prompt_vs_steer_issuebench_qwen3-8b,qwen3-8b,issuebench,initial,0,issuebench-sample-378853,neutral,con
20260926-090514_laneA_exp1_prompt_vs_steer_issuebench_qwen3-8b,qwen3-8b,issuebench,steered_pos,8.0,issuebench-sample-378853,opinionated,con
20260926-090514_laneA_exp1_prompt_vs_steer_issuebench_qwen3-8b,qwen3-8b,issuebench,steered_neg,-8.0,issuebench-sample-378853,neutral,con
20260926-090514_laneA_exp1_prompt_vs_steer_issuebench_qwen3-8b,qwen3-8b,issuebench,prompt_pos,0,issuebench-sample-378853,opinionated,con
20260926-090514_laneA_exp1_prompt_vs_steer_issuebench_qwen3-8b,qwen3-8b,issuebench,prompt_neg,0,issuebench-sample-378853,neutral,con
20260926-090514_laneA_exp1_prompt_vs_steer_issuebench_qwen3-8b,qwen3-8b,issuebench,initial,0,issuebench-sample-10693,neutral,con
20260926-090514_laneA_exp1_prompt_vs_steer_issuebench_qwen3-8b,qwen3-8b,issuebench,steered_pos,8.0,issuebench-sample-10693,opinionated,con
20260926-090514_laneA_exp1_prompt_vs_steer_issuebench_qwen3-8b,qwen3-8b,issuebench,steered_neg,-8.0,issuebench-sample-10693,neutral,con
20260926-090514_laneA_exp1_prompt_vs_steer_issuebench_qwen3-8b,qwen3-8b,issuebench,prompt_pos,0,issuebench-sample-10693,opinionated,con
20260926-090514_laneA_exp1_prompt_vs_steer_issuebench_qwen3-8b,qwen3-8b,issuebench,prompt_neg,0,issuebench-sample-10693,neutral,con
20260926-090514_laneA_exp1_prompt_vs_steer_issuebench_qwen3-8b,qwen3-8b,issuebench,initial,0,issuebench-sample-195853,opinionated,con
20260926-090514_laneA_exp1_prompt_vs_steer_issuebench_qwen3-8b,qwen3-8b,issuebench,steered_pos,8.0,issuebench-sample-195853,opinionated,con
20260926-090514_laneA_exp1_prompt_vs_steer_issuebench_qwen3-8b,qwen3-8b,issuebench,steered_neg,-8.0,issuebench-sample-195853,neutral,con
20260926-090514_laneA_exp1_prompt_vs_steer_issuebench_qwen3-8b,qwen3-8b,issuebench,prompt_pos,0,issuebench-sample-195853,opinionated,con
20260926-090514_laneA_exp1_prompt_vs_steer_issuebench_qwen3-8b,qwen3-8b,issuebench,prompt_neg,0,issuebench-sample-195853,neutral,con
20260926-090514_laneA_exp1_prompt_vs_steer_issuebench_qwen3-8b,qwen3-8b,issuebench,initial,0,issuebench-sample-303525,opinionated,neutral
20260926-090514_laneA_exp1_prompt_vs_steer_issuebench_qwen3-8b,qwen3-8b,issuebench,steered_pos,8.0,issuebench-sample-303525,neutral,neutral
20260926-090514_laneA_exp1_prompt_vs_steer_issuebench_qwen3-8b,qwen3-8b,issuebench,steered_neg,-8.0,issuebench-sample-303525,neutral,neutral
20260926-090514_laneA_exp1_prompt_vs_steer_issuebench_qwen3-8b,qwen3-8b,issuebench,prompt_pos,0,issuebench-sample-303525,opinionated,neutral
20260926-090514_laneA_exp1_prompt_vs_steer_issuebench_qwen3-8b,qwen3-8b,issuebench,prompt_neg,0,issuebench-sample-303525,neutral,neutral
20260926-090514_laneA_exp1_prompt_vs_steer_issuebench_qwen3-8b,qwen3-8b,issuebench,initial,0,issuebench-sample-148396,neutral,neutral
20260926-090514_laneA_exp1_prompt_vs_steer_issuebench_qwen3-8b,qwen3-8b,issuebench,steered_pos,8.0,issuebench-sample-148396,opinionated,neutral
20260926-090514_laneA_exp1_prompt_vs_steer_issuebench_qwen3-8b,qwen3-8b,issuebench,steered_neg,-8.0,issuebench-sample-148396,neutral,neutral
20260926-090514_laneA_exp1_prompt_vs_steer_issuebench_qwen3-8b,qwen3-8b,issuebench,prompt_pos,0,issuebench-sample-148396,opinionated,neutral
20260926-090514_laneA_exp1_prompt_vs_steer_issuebench_qwen3-8b,qwen3-8b,issuebench,prompt_neg,0,issuebench-sample-148396,neutral,neutral
20260926-090514_laneA_exp1_prompt_vs_steer_issuebench_qwen3-8b,qwen3-8b,issuebench,initial,0,issuebench-sample-433897,neutral,neutral
20260926-090514_laneA_exp1_prompt_vs_steer_issuebench_qwen3-8b,qwen3-8b,issuebench,steered_pos,8.0,issuebench-sample-433897,opinionated,neutral
20260926-090514_laneA_exp1_prompt_vs_steer_issuebench_qwen3-8b,qwen3-8b,issuebench,steered_neg,-8.0,issuebench-sample-433897,neutral,neutral
20260926-090514_laneA_exp1_prompt_vs_steer_issuebench_qwen3-8b,qwen3-8b,issuebench,prompt_pos,0,issuebench-sample-433897,opinionated,neutral
20260926-090514_laneA_exp1_prompt_vs_steer_issuebench_qwen3-8b,qwen3-8b,issuebench,prompt_neg,0,issuebench-sample-433897,neutral,neutral
20260926-090514_laneA_exp1_prompt_vs_steer_issuebench_qwen3-8b,qwen3-8b,issuebench,initial,0,issuebench-sample-292353,opinionated,con
20260926-090514_laneA_exp1_prompt_vs_steer_issuebench_qwen3-8b,qwen3-8b,issuebench,steered_pos,8.0,issuebench-sample-292353,opinionated,con
20260926-090514_laneA_exp1_prompt_vs_steer_issuebench_qwen3-8b,qwen3-8b,issuebench,steered_neg,-8.0,issuebench-sample-292353,neutral,con
20260926-090514_laneA_exp1_prompt_vs_steer_issuebench_qwen3-8b,qwen3-8b,issuebench,prompt_pos,0,issuebench-sample-292353,opinionated,con
20260926-090514_laneA_exp1_prompt_vs_steer_issuebench_qwen3-8b,qwen3-8b,issuebench,prompt_neg,0,issuebench-sample-292353,neutral,con
20260926-090514_laneA_exp1_prompt_vs_steer_issuebench_qwen3-8b,qwen3-8b,issuebench,initial,0,issuebench-sample-124301,opinionated,pro
20260926-090514_laneA_exp1_prompt_vs_steer_issuebench_qwen3-8b,qwen3-8b,issuebench,steered_pos,8.0,issuebench-sample-124301,opinionated,pro
20260926-090514_laneA_exp1_prompt_vs_steer_issuebench_qwen3-8b,qwen3-8b,issuebench,steered_neg,-8.0,issuebench-sample-124301,neutral,pro
20260926-090514_laneA_exp1_prompt_vs_steer_issuebench_qwen3-8b,qwen3-8b,issuebench,prompt_pos,0,issuebench-sample-124301,opinionated,pro
20260926-090514_laneA_exp1_prompt_vs_steer_issuebench_qwen3-8b,qwen3-8b,issuebench,prompt_neg,0,issuebench-sample-124301,neutral,pro
20260926-090514_laneA_exp1_prompt_vs_steer_issuebench_qwen3-8b,qwen3-8b,issuebench,initial,0,issuebench-sample-574314,neutral,neutral
20260926-090514_laneA_exp1_prompt_vs_steer_issuebench_qwen3-8b,qwen3-8b,issuebench,steered_pos,8.0,issuebench-sample-574314,opinionated,neutral
20260926-090514_laneA_exp1_prompt_vs_steer_issuebench_qwen3-8b,qwen3-8b,issuebench,steered_neg,-8.0,issuebench-sample-574314,neutral,neutral
20260926-090514_laneA_exp1_prompt_vs_steer_issuebench_qwen3-8b,qwen3-8b,issuebench,prompt_pos,0,issuebench-sample-574314,opinionated,neutral
20260926-090514_laneA_exp1_prompt_vs_steer_issuebench_qwen3-8b,qwen3-8b,issuebench,prompt_neg,0,issuebench-sample-574314,neutral,neutral
20260926-090514_laneA_exp1_prompt_vs_steer_issuebench_qwen3-8b,qwen3-8b,issuebench,initial,0,issuebench-sample-612923,neutral,con
20260926-090514_laneA_exp1_prompt_vs_steer_issuebench_qwen3-8b,qwen3-8b,issuebench,steered_pos,8.0,issuebench-sample-612923,opinionated,con
20260926-090514_laneA_exp1_prompt_vs_steer_issuebench_qwen3-8b,qwen3-8b,issuebench,steered_neg,-8.0,issuebench-sample-612923,neutral,con
20260926-090514_laneA_exp1_prompt_vs_steer_issuebench_qwen3-8b,qwen3-8b,issuebench,prompt_pos,0,issuebench-sample-612923,neutral,con
20260926-090514_laneA_exp1_prompt_vs_steer_issuebench_qwen3-8b,qwen3-8b,issuebench,prompt_neg,0,issuebench-sample-612923,neutral,con
20260926-090514_laneA_exp1_prompt_vs_steer_issuebench_qwen3-8b,qwen3-8b,issuebench,initial,0,issuebench-sample-155128,opinionated,con
20260926-090514_laneA_exp1_prompt_vs_steer_issuebench_qwen3-8b,qwen3-8b,issuebench,steered_pos,8.0,issuebench-sample-155128,opinionated,con
20260926-090514_laneA_exp1_prompt_vs_steer_issuebench_qwen3-8b,qwen3-8b,issuebench,steered_neg,-8.0,issuebench-sample-155128,neutral,con
20260926-090514_laneA_exp1_prompt_vs_steer_issuebench_qwen3-8b,qwen3-8b,issuebench,prompt_pos,0,issuebench-sample-155128,opinionated,con
20260926-090514_laneA_exp1_prompt_vs_steer_issuebench_qwen3-8b,qwen3-8b,issuebench,prompt_neg,0,issuebench-sample-155128,neutral,con
20260926-090514_laneA_exp1_prompt_vs_steer_issuebench_qwen3-8b,qwen3-8b,issuebench,initial,0,issuebench-sample-28299,neutral,pro
20260926-090514_laneA_exp1_prompt_vs_steer_issuebench_qwen3-8b,qwen3-8b,issuebench,steered_pos,8.0,issuebench-sample-28299,neutral,pro
20260926-090514_laneA_exp1_prompt_vs_steer_issuebench_qwen3-8b,qwen3-8b,issuebench,steered_neg,-8.0,issuebench-sample-28299,neutral,pro
20260926-090514_laneA_exp1_prompt_vs_steer_issuebench_qwen3-8b,qwen3-8b,issuebench,prompt_pos,0,issuebench-sample-28299,neutral,pro
20260926-090514_laneA_exp1_prompt_vs_steer_issuebench_qwen3-8b,qwen3-8b,issuebench,prompt_neg,0,issuebench-sample-28299,neutral,pro
20260926-090514_laneA_exp1_prompt_vs_steer_issuebench_qwen3-8b,qwen3-8b,issuebench,initial,0,issuebench-sample-75580,opinionated,con
20260926-090514_laneA_exp1_prompt_vs_steer_issuebench_qwen3-8b,qwen3-8b,issuebench,steered_pos,8.0,issuebench-sample-75580,opinionated,con
20260926-090514_laneA_exp1_prompt_vs_steer_issuebench_qwen3-8b,qwen3-8b,issuebench,steered_neg,-8.0,issuebench-sample-75580,neutral,con
20260926-090514_laneA_exp1_prompt_vs_steer_issuebench_qwen3-8b,qwen3-8b,issuebench,prompt_pos,0,issuebench-sample-75580,opinionated,con
20260926-090514_laneA_exp1_prompt_vs_steer_issuebench_qwen3-8b,qwen3-8b,issuebench,prompt_neg,0,issuebench-sample-75580,opinionated,con
20260926-090514_laneA_exp1_prompt_vs_steer_issuebench_qwen3-8b,qwen3-8b,issuebench,initial,0,issuebench-sample-295825,neutral,neutral
20260926-090514_laneA_exp1_prompt_vs_steer_issuebench_qwen3-8b,qwen3-8b,issuebench,steered_pos,8.0,issuebench-sample-295825,neutral,neutral
20260926-090514_laneA_exp1_prompt_vs_steer_issuebench_qwen3-8b,qwen3-8b,issuebench,steered_neg,-8.0,issuebench-sample-295825,neutral,neutral
20260926-090514_laneA_exp1_prompt_vs_steer_issuebench_qwen3-8b,qwen3-8b,issuebench,prompt_pos,0,issuebench-sample-295825,neutral,neutral
20260926-090514_laneA_exp1_prompt_vs_steer_issuebench_qwen3-8b,qwen3-8b,issuebench,prompt_neg,0,issuebench-sample-295825,neutral,neutral
20260926-090514_laneA_exp1_prompt_vs_steer_issuebench_qwen3-8b,qwen3-8b,issuebench,initial,0,issuebench-sample-62227,neutral,con
20260926-090514_laneA_exp1_prompt_vs_steer_issuebench_qwen3-8b,qwen3-8b,issuebench,steered_pos,8.0,issuebench-sample-62227,opinionated,con
20260926-090514_laneA_exp1_prompt_vs_steer_issuebench_qwen3-8b,qwen3-8b,issuebench,steered_neg,-8.0,issuebench-sample-62227,neutral,con
20260926-090514_laneA_exp1_prompt_vs_steer_issuebench_qwen3-8b,qwen3-8b,issuebench,prompt_pos,0,issuebench-sample-62227,opinionated,con
20260926-090514_laneA_exp1_prompt_vs_steer_issuebench_qwen3-8b,qwen3-8b,issuebench,prompt_neg,0,issuebench-sample-62227,neutral,con
20260926-090514_laneA_exp1_prompt_vs_steer_issuebench_qwen3-8b,qwen3-8b,issuebench,initial,0,issuebench-sample-374359,opinionated,pro
20260926-090514_laneA_exp1_prompt_vs_steer_issuebench_qwen3-8b,qwen3-8b,issuebench,steered_pos,8.0,issuebench-sample-374359,opinionated,pro
20260926-090514_laneA_exp1_prompt_vs_steer_issuebench_qwen3-8b,qwen3-8b,issuebench,steered_neg,-8.0,issuebench-sample-374359,neutral,pro
20260926-090514_laneA_exp1_prompt_vs_steer_issuebench_qwen3-8b,qwen3-8b,issuebench,prompt_pos,0,issuebench-sample-374359,neutral,pro
20260926-090514_laneA_exp1_prompt_vs_steer_issuebench_qwen3-8b,qwen3-8b,issuebench,prompt_neg,0,issuebench-sample-374359,neutral,pro
20260926-090514_laneA_exp1_prompt_vs_steer_issuebench_qwen3-8b,qwen3-8b,issuebench,initial,0,issuebench-sample-161255,opinionated,pro
20260926-090514_laneA_exp1_prompt_vs_steer_issuebench_qwen3-8b,qwen3-8b,issuebench,steered_pos,8.0,issuebench-sample-161255,opinionated,pro
20260926-090514_laneA_exp1_prompt_vs_steer_issuebench_qwen3-8b,qwen3-8b,issuebench,steered_neg,-8.0,issuebench-sample-161255,neutral,pro
20260926-090514_laneA_exp1_prompt_vs_steer_issuebench_qwen3-8b,qwen3-8b,issuebench,prompt_pos,0,issuebench-sample-161255,opinionated,pro
20260926-090514_laneA_exp1_prompt_vs_steer_issuebench_qwen3-8b,qwen3-8b,issuebench,prompt_neg,0,issuebench-sample-161255,neutral,pro
20260926-090514_laneA_exp1_prompt_vs_steer_issuebench_qwen3-8b,qwen3-8b,issuebench,initial,0,issuebench-sample-396757,opinionated,con
20260926-090514_laneA_exp1_prompt_vs_steer_issuebench_qwen3-8b,qwen3-8b,issuebench,steered_pos,8.0,issuebench-sample-396757,opinionated,con
20260926-090514_laneA_exp1_prompt_vs_steer_issuebench_qwen3-8b,qwen3-8b,issuebench,steered_neg,-8.0,issuebench-sample-396757,neutral,con
20260926-090514_laneA_exp1_prompt_vs_steer_issuebench_qwen3-8b,qwen3-8b,issuebench,prompt_pos,0,issuebench-sample-396757,opinionated,con
20260926-090514_laneA_exp1_prompt_vs_steer_issuebench_qwen3-8b,qwen3-8b,issuebench,prompt_neg,0,issuebench-sample-396757,neutral,con
20260926-090514_laneA_exp1_prompt_vs_steer_issuebench_qwen3-8b,qwen3-8b,issuebench,initial,0,issuebench-sample-199979,opinionated,pro
20260926-090514_laneA_exp1_prompt_vs_steer_issuebench_qwen3-8b,qwen3-8b,issuebench,steered_pos,8.0,issuebench-sample-199979,opinionated,pro
20260926-090514_laneA_exp1_prompt_vs_steer_issuebench_qwen3-8b,qwen3-8b,issuebench,steered_neg,-8.0,issuebench-sample-199979,neutral,pro
20260926-090514_laneA_exp1_prompt_vs_steer_issuebench_qwen3-8b,qwen3-8b,issuebench,prompt_pos,0,issuebench-sample-199979,opinionated,pro
20260926-090514_laneA_exp1_prompt_vs_steer_issuebench_qwen3-8b,qwen3-8b,issuebench,prompt_neg,0,issuebench-sample-199979,neutral,pro
20260926-090514_laneA_exp1_prompt_vs_steer_issuebench_qwen3-8b,qwen3-8b,issuebench,initial,0,issuebench-sample-583606,opinionated,pro
20260926-090514_laneA_exp1_prompt_vs_steer_issuebench_qwen3-8b,qwen3-8b,issuebench,steered_pos,8.0,issuebench-sample-583606,opinionated,pro
20260926-090514_laneA_exp1_prompt_vs_steer_issuebench_qwen3-8b,qwen3-8b,issuebench,steered_neg,-8.0,issuebench-sample-583606,neutral,pro
20260926-090514_laneA_exp1_prompt_vs_steer_issuebench_qwen3-8b,qwen3-8b,issuebench,prompt_pos,0,issuebench-sample-583606,opinionated,pro
20260926-090514_laneA_exp1_prompt_vs_steer_issuebench_qwen3-8b,qwen3-8b,issuebench,prompt_neg,0,issuebench-sample-583606,neutral,pro
20260926-090514_laneA_exp1_prompt_vs_steer_issuebench_qwen3-8b,qwen3-8b,issuebench,initial,0,issuebench-sample-579325,opinionated,con
20260926-090514_laneA_exp1_prompt_vs_steer_issuebench_qwen3-8b,qwen3-8b,issuebench,steered_pos,8.0,issuebench-sample-579325,opinionated,con
20260926-090514_laneA_exp1_prompt_vs_steer_issuebench_qwen3-8b,qwen3-8b,issuebench,steered_neg,-8.0,issuebench-sample-579325,neutral,con
20260926-090514_laneA_exp1_prompt_vs_steer_issuebench_qwen3-8b,qwen3-8b,issuebench,prompt_pos,0,issuebench-sample-579325,opinionated,con
20260926-090514_laneA_exp1_prompt_vs_steer_issuebench_qwen3-8b,qwen3-8b,issuebench,prompt_neg,0,issuebench-sample-579325,neutral,con
20260926-090514_laneA_exp1_prompt_vs_steer_issuebench_qwen3-8b,qwen3-8b,issuebench,initial,0,issuebench-sample-169935,neutral,neutral
20260926-090514_laneA_exp1_prompt_vs_steer_issuebench_qwen3-8b,qwen3-8b,issuebench,steered_pos,8.0,issuebench-sample-169935,neutral,neutral
20260926-090514_laneA_exp1_prompt_vs_steer_issuebench_qwen3-8b,qwen3-8b,issuebench,steered_neg,-8.0,issuebench-sample-169935,neutral,neutral
20260926-090514_laneA_exp1_prompt_vs_steer_issuebench_qwen3-8b,qwen3-8b,issuebench,prompt_pos,0,issuebench-sample-169935,opinionated,neutral
20260926-090514_laneA_exp1_prompt_vs_steer_issuebench_qwen3-8b,qwen3-8b,issuebench,prompt_neg,0,issuebench-sample-169935,neutral,neutral
20260926-090514_laneA_exp1_prompt_vs_steer_issuebench_qwen3-8b,qwen3-8b,issuebench,initial,0,issuebench-sample-354662,opinionated,pro
20260926-090514_laneA_exp1_prompt_vs_steer_issuebench_qwen3-8b,qwen3-8b,issuebench,steered_pos,8.0,issuebench-sample-354662,opinionated,pro
20260926-090514_laneA_exp1_prompt_vs_steer_issuebench_qwen3-8b,qwen3-8b,issuebench,steered_neg,-8.0,issuebench-sample-354662,neutral,pro
20260926-090514_laneA_exp1_prompt_vs_steer_issuebench_qwen3-8b,qwen3-8b,issuebench,prompt_pos,0,issuebench-sample-354662,opinionated,pro
20260926-090514_laneA_exp1_prompt_vs_steer_issuebench_qwen3-8b,qwen3-8b,issuebench,prompt_neg,0,issuebench-sample-354662,opinionated,pro
20260926-090514_laneA_exp1_prompt_vs_steer_issuebench_qwen3-8b,qwen3-8b,issuebench,initial,0,issuebench-sample-413527,neutral,neutral
20260926-090514_laneA_exp1_prompt_vs_steer_issuebench_qwen3-8b,qwen3-8b,issuebench,steered_pos,8.0,issuebench-sample-413527,opinionated,neutral
20260926-090514_laneA_exp1_prompt_vs_steer_issuebench_qwen3-8b,qwen3-8b,issuebench,steered_neg,-8.0,issuebench-sample-413527,neutral,neutral
20260926-090514_laneA_exp1_prompt_vs_steer_issuebench_qwen3-8b,qwen3-8b,issuebench,prompt_pos,0,issuebench-sample-413527,neutral,neutral
20260926-090514_laneA_exp1_prompt_vs_steer_issuebench_qwen3-8b,qwen3-8b,issuebench,prompt_neg,0,issuebench-sample-413527,neutral,neutral
20260926-090514_laneA_exp1_prompt_vs_steer_issuebench_qwen3-8b,qwen3-8b,issuebench,initial,0,issuebench-sample-291217,neutral,con
20260926-090514_laneA_exp1_prompt_vs_steer_issuebench_qwen3-8b,qwen3-8b,issuebench,steered_pos,8.0,issuebench-sample-291217,opinionated,con
20260926-090514_laneA_exp1_prompt_vs_steer_issuebench_qwen3-8b,qwen3-8b,issuebench,steered_neg,-8.0,issuebench-sample-291217,neutral,con
20260926-090514_laneA_exp1_prompt_vs_steer_issuebench_qwen3-8b,qwen3-8b,issuebench,prompt_pos,0,issuebench-sample-291217,opinionated,con
20260926-090514_laneA_exp1_prompt_vs_steer_issuebench_qwen3-8b,qwen3-8b,issuebench,prompt_neg,0,issuebench-sample-291217,neutral,con
20260926-090514_laneA_exp1_prompt_vs_steer_issuebench_qwen3-8b,qwen3-8b,issuebench,initial,0,issuebench-sample-429961,neutral,neutral
20260926-090514_laneA_exp1_prompt_vs_steer_issuebench_qwen3-8b,qwen3-8b,issuebench,steered_pos,8.0,issuebench-sample-429961,opinionated,neutral
20260926-090514_laneA_exp1_prompt_vs_steer_issuebench_qwen3-8b,qwen3-8b,issuebench,steered_neg,-8.0,issuebench-sample-429961,neutral,neutral
20260926-090514_laneA_exp1_prompt_vs_steer_issuebench_qwen3-8b,qwen3-8b,issuebench,prompt_pos,0,issuebench-sample-429961,neutral,neutral
20260926-090514_laneA_exp1_prompt_vs_steer_issuebench_qwen3-8b,qwen3-8b,issuebench,prompt_neg,0,issuebench-sample-429961,neutral,neutral
20260926-090514_laneA_exp1_prompt_vs_steer_issuebench_qwen3-8b,qwen3-8b,issuebench,initial,0,issuebench-sample-314991,opinionated,neutral
20260926-090514_laneA_exp1_prompt_vs_steer_issuebench_qwen3-8b,qwen3-8b,issuebench,steered_pos,8.0,issuebench-sample-314991,opinionated,neutral
20260926-090514_laneA_exp1_prompt_vs_steer_issuebench_qwen3-8b,qwen3-8b,issuebench,steered_neg,-8.0,issuebench-sample-314991,neutral,neutral
20260926-090514_laneA_exp1_prompt_vs_steer_issuebench_qwen3-8b,qwen3-8b,issuebench,prompt_pos,0,issuebench-sample-314991,opinionated,neutral
20260926-090514_laneA_exp1_prompt_vs_steer_issuebench_qwen3-8b,qwen3-8b,issuebench,prompt_neg,0,issuebench-sample-314991,neutral,neutral
20260926-090514_laneA_exp1_prompt_vs_steer_issuebench_qwen3-8b,qwen3-8b,issuebench,initial,0,issuebench-sample-314368,neutral,neutral
20260926-090514_laneA_exp1_prompt_vs_steer_issuebench_qwen3-8b,qwen3-8b,issuebench,steered_pos,8.0,issuebench-sample-314368,opinionated,neutral
20260926-090514_laneA_exp1_prompt_vs_steer_issuebench_qwen3-8b,qwen3-8b,issuebench,steered_neg,-8.0,issuebench-sample-314368,neutral,neutral
20260926-090514_laneA_exp1_prompt_vs_steer_issuebench_qwen3-8b,qwen3-8b,issuebench,prompt_pos,0,issuebench-sample-314368,neutral,neutral
20260926-090514_laneA_exp1_prompt_vs_steer_issuebench_qwen3-8b,qwen3-8b,issuebench,prompt_neg,0,issuebench-sample-314368,neutral,neutral
20260926-090514_laneA_exp1_prompt_vs_steer_issuebench_qwen3-8b,qwen3-8b,issuebench,initial,0,issuebench-sample-560109,neutral,con
20260926-090514_laneA_exp1_prompt_vs_steer_issuebench_qwen3-8b,qwen3-8b,issuebench,steered_pos,8.0,issuebench-sample-560109,opinionated,con
20260926-090514_laneA_exp1_prompt_vs_steer_issuebench_qwen3-8b,qwen3-8b,issuebench,steered_neg,-8.0,issuebench-sample-560109,neutral,con
20260926-090514_laneA_exp1_prompt_vs_steer_issuebench_qwen3-8b,qwen3-8b,issuebench,prompt_pos,0,issuebench-sample-560109,opinionated,con
20260926-090514_laneA_exp1_prompt_vs_steer_issuebench_qwen3-8b,qwen3-8b,issuebench,prompt_neg,0,issuebench-sample-560109,neutral,con
20260926-090514_laneA_exp1_prompt_vs_steer_issuebench_qwen3-8b,qwen3-8b,issuebench,initial,0,issuebench-sample-515381,opinionated,pro
20260926-090514_laneA_exp1_prompt_vs_steer_issuebench_qwen3-8b,qwen3-8b,issuebench,steered_pos,8.0,issuebench-sample-515381,opinionated,pro
20260926-090514_laneA_exp1_prompt_vs_steer_issuebench_qwen3-8b,qwen3-8b,issuebench,steered_neg,-8.0,issuebench-sample-515381,neutral,pro
20260926-090514_laneA_exp1_prompt_vs_steer_issuebench_qwen3-8b,qwen3-8b,issuebench,prompt_pos,0,issuebench-sample-515381,opinionated,pro
20260926-090514_laneA_exp1_prompt_vs_steer_issuebench_qwen3-8b,qwen3-8b,issuebench,prompt_neg,0,issuebench-sample-515381,opinionated,pro
20260926-090514_laneA_exp1_prompt_vs_steer_issuebench_qwen3-8b,qwen3-8b,issuebench,initial,0,issuebench-sample-543212,neutral,neutral
20260926-090514_laneA_exp1_prompt_vs_steer_issuebench_qwen3-8b,qwen3-8b,issuebench,steered_pos,8.0,issuebench-sample-543212,opinionated,neutral
20260926-090514_laneA_exp1_prompt_vs_steer_issuebench_qwen3-8b,qwen3-8b,issuebench,steered_neg,-8.0,issuebench-sample-543212,neutral,neutral
20260926-090514_laneA_exp1_prompt_vs_steer_issuebench_qwen3-8b,qwen3-8b,issuebench,prompt_pos,0,issuebench-sample-543212,neutral,neutral
20260926-090514_laneA_exp1_prompt_vs_steer_issuebench_qwen3-8b,qwen3-8b,issuebench,prompt_neg,0,issuebench-sample-543212,neutral,neutral
20260926-090514_laneA_exp1_prompt_vs_steer_issuebench_qwen3-8b,qwen3-8b,issuebench,initial,0,issuebench-sample-253224,neutral,neutral
20260926-090514_laneA_exp1_prompt_vs_steer_issuebench_qwen3-8b,qwen3-8b,issuebench,steered_pos,8.0,issuebench-sample-253224,opinionated,neutral
20260926-090514_laneA_exp1_prompt_vs_steer_issuebench_qwen3-8b,qwen3-8b,issuebench,steered_neg,-8.0,issuebench-sample-253224,neutral,neutral
20260926-090514_laneA_exp1_prompt_vs_steer_issuebench_qwen3-8b,qwen3-8b,issuebench,prompt_pos,0,issuebench-sample-253224,neutral,neutral
20260926-090514_laneA_exp1_prompt_vs_steer_issuebench_qwen3-8b,qwen3-8b,issuebench,prompt_neg,0,issuebench-sample-253224,neutral,neutral
20260926-090514_laneA_exp1_prompt_vs_steer_issuebench_qwen3-8b,qwen3-8b,issuebench,initial,0,issuebench-sample-286724,opinionated,con
20260926-090514_laneA_exp1_prompt_vs_steer_issuebench_qwen3-8b,qwen3-8b,issuebench,steered_pos,8.0,issuebench-sample-286724,opinionated,con
20260926-090514_laneA_exp1_prompt_vs_steer_issuebench_qwen3-8b,qwen3-8b,issuebench,steered_neg,-8.0,issuebench-sample-286724,neutral,con
20260926-090514_laneA_exp1_prompt_vs_steer_issuebench_qwen3-8b,qwen3-8b,issuebench,prompt_pos,0,issuebench-sample-286724,opinionated,con
20260926-090514_laneA_exp1_prompt_vs_steer_issuebench_qwen3-8b,qwen3-8b,issuebench,prompt_neg,0,issuebench-sample-286724,neutral,con
20260926-090514_laneA_exp1_prompt_vs_steer_issuebench_qwen3-8b,qwen3-8b,issuebench,initial,0,issuebench-sample-560892,opinionated,con
20260926-090514_laneA_exp1_prompt_vs_steer_issuebench_qwen3-8b,qwen3-8b,issuebench,steered_pos,8.0,issuebench-sample-560892,opinionated,con
20260926-090514_laneA_exp1_prompt_vs_steer_issuebench_qwen3-8b,qwen3-8b,issuebench,steered_neg,-8.0,issuebench-sample-560892,neutral,con
20260926-090514_laneA_exp1_prompt_vs_steer_issuebench_qwen3-8b,qwen3-8b,issuebench,prompt_pos,0,issuebench-sample-560892,opinionated,con
20260926-090514_laneA_exp1_prompt_vs_steer_issuebench_qwen3-8b,qwen3-8b,issuebench,prompt_neg,0,issuebench-sample-560892,neutral,con
20260926-090514_laneA_exp1_prompt_vs_steer_issuebench_qwen3-8b,qwen3-8b,issuebench,initial,0,issuebench-sample-395138,neutral,neutral
20260926-090514_laneA_exp1_prompt_vs_steer_issuebench_qwen3-8b,qwen3-8b,issuebench,steered_pos,8.0,issuebench-sample-395138,opinionated,neutral
20260926-090514_laneA_exp1_prompt_vs_steer_issuebench_qwen3-8b,qwen3-8b,issuebench,steered_neg,-8.0,issuebench-sample-395138,neutral,neutral
20260926-090514_laneA_exp1_prompt_vs_steer_issuebench_qwen3-8b,qwen3-8b,issuebench,prompt_pos,0,issuebench-sample-395138,neutral,neutral
20260926-090514_laneA_exp1_prompt_vs_steer_issuebench_qwen3-8b,qwen3-8b,issuebench,prompt_neg,0,issuebench-sample-395138,neutral,neutral
20260926-090514_laneA_exp1_prompt_vs_steer_issuebench_qwen3-8b,qwen3-8b,issuebench,initial,0,issuebench-sample-382202,neutral,con
20260926-090514_laneA_exp1_prompt_vs_steer_issuebench_qwen3-8b,qwen3-8b,issuebench,steered_pos,8.0,issuebench-sample-382202,neutral,con
20260926-090514_laneA_exp1_prompt_vs_steer_issuebench_qwen3-8b,qwen3-8b,issuebench,steered_neg,-8.0,issuebench-sample-382202,neutral,con
20260926-090514_laneA_exp1_prompt_vs_steer_issuebench_qwen3-8b,qwen3-8b,issuebench,prompt_pos,0,issuebench-sample-382202,opinionated,con
20260926-090514_laneA_exp1_prompt_vs_steer_issuebench_qwen3-8b,qwen3-8b,issuebench,prompt_neg,0,issuebench-sample-382202,neutral,con
20260926-090514_laneA_exp1_prompt_vs_steer_issuebench_qwen3-8b,qwen3-8b,issuebench,initial,0,issuebench-sample-368369,neutral,neutral
20260926-090514_laneA_exp1_prompt_vs_steer_issuebench_qwen3-8b,qwen3-8b,issuebench,steered_pos,8.0,issuebench-sample-368369,opinionated,neutral
20260926-090514_laneA_exp1_prompt_vs_steer_issuebench_qwen3-8b,qwen3-8b,issuebench,steered_neg,-8.0,issuebench-sample-368369,neutral,neutral
20260926-090514_laneA_exp1_prompt_vs_steer_issuebench_qwen3-8b,qwen3-8b,issuebench,prompt_pos,0,issuebench-sample-368369,opinionated,neutral
20260926-090514_laneA_exp1_prompt_vs_steer_issuebench_qwen3-8b,qwen3-8b,issuebench,prompt_neg,0,issuebench-sample-368369,neutral,neutral
20260926-090514_laneA_exp1_prompt_vs_steer_issuebench_qwen3-8b,qwen3-8b,issuebench,initial,0,issuebench-sample-460538,opinionated,neutral
20260926-090514_laneA_exp1_prompt_vs_steer_issuebench_qwen3-8b,qwen3-8b,issuebench,steered_pos,8.0,issuebench-sample-460538,opinionated,neutral
20260926-090514_laneA_exp1_prompt_vs_steer_issuebench_qwen3-8b,qwen3-8b,issuebench,steered_neg,-8.0,issuebench-sample-460538,neutral,neutral
20260926-090514_laneA_exp1_prompt_vs_steer_issuebench_qwen3-8b,qwen3-8b,issuebench,prompt_pos,0,issuebench-sample-460538,opinionated,neutral
20260926-090514_laneA_exp1_prompt_vs_steer_issuebench_qwen3-8b,qwen3-8b,issuebench,prompt_neg,0,issuebench-sample-460538,opinionated,neutral
20260926-090514_laneA_exp1_prompt_vs_steer_issuebench_qwen3-8b,qwen3-8b,issuebench,initial,0,issuebench-sample-13380,neutral,neutral
20260926-090514_laneA_exp1_prompt_vs_steer_issuebench_qwen3-8b,qwen3-8b,issuebench,steered_pos,8.0,issuebench-sample-13380,opinionated,neutral
20260926-090514_laneA_exp1_prompt_vs_steer_issuebench_qwen3-8b,qwen3-8b,issuebench,steered_neg,-8.0,issuebench-sample-13380,neutral,neutral
20260926-090514_laneA_exp1_prompt_vs_steer_issuebench_qwen3-8b,qwen3-8b,issuebench,prompt_pos,0,issuebench-sample-13380,neutral,neutral
20260926-090514_laneA_exp1_prompt_vs_steer_issuebench_qwen3-8b,qwen3-8b,issuebench,prompt_neg,0,issuebench-sample-13380,neutral,neutral
20260926-090514_laneA_exp1_prompt_vs_steer_issuebench_qwen3-8b,qwen3-8b,issuebench,initial,0,issuebench-sample-525105,opinionated,pro
20260926-090514_laneA_exp1_prompt_vs_steer_issuebench_qwen3-8b,qwen3-8b,issuebench,steered_pos,8.0,issuebench-sample-525105,opinionated,pro
20260926-090514_laneA_exp1_prompt_vs_steer_issuebench_qwen3-8b,qwen3-8b,issuebench,steered_neg,-8.0,issuebench-sample-525105,neutral,pro
20260926-090514_laneA_exp1_prompt_vs_steer_issuebench_qwen3-8b,qwen3-8b,issuebench,prompt_pos,0,issuebench-sample-525105,opinionated,pro
20260926-090514_laneA_exp1_prompt_vs_steer_issuebench_qwen3-8b,qwen3-8b,issuebench,prompt_neg,0,issuebench-sample-525105,opinionated,pro
20260926-090514_laneA_exp1_prompt_vs_steer_issuebench_qwen3-8b,qwen3-8b,issuebench,initial,0,issuebench-sample-225027,opinionated,con
20260926-090514_laneA_exp1_prompt_vs_steer_issuebench_qwen3-8b,qwen3-8b,issuebench,steered_pos,8.0,issuebench-sample-225027,opinionated,con
20260926-090514_laneA_exp1_prompt_vs_steer_issuebench_qwen3-8b,qwen3-8b,issuebench,steered_neg,-8.0,issuebench-sample-225027,neutral,con
20260926-090514_laneA_exp1_prompt_vs_steer_issuebench_qwen3-8b,qwen3-8b,issuebench,prompt_pos,0,issuebench-sample-225027,opinionated,con
20260926-090514_laneA_exp1_prompt_vs_steer_issuebench_qwen3-8b,qwen3-8b,issuebench,prompt_neg,0,issuebench-sample-225027,neutral,con
20260926-090514_laneA_exp1_prompt_vs_steer_issuebench_qwen3-8b,qwen3-8b,issuebench,initial,0,issuebench-sample-198663,opinionated,pro
20260926-090514_laneA_exp1_prompt_vs_steer_issuebench_qwen3-8b,qwen3-8b,issuebench,steered_pos,8.0,issuebench-sample-198663,opinionated,pro
20260926-090514_laneA_exp1_prompt_vs_steer_issuebench_qwen3-8b,qwen3-8b,issuebench,steered_neg,-8.0,issuebench-sample-198663,neutral,pro
20260926-090514_laneA_exp1_prompt_vs_steer_issuebench_qwen3-8b,qwen3-8b,issuebench,prompt_pos,0,issuebench-sample-198663,opinionated,pro
20260926-090514_laneA_exp1_prompt_vs_steer_issuebench_qwen3-8b,qwen3-8b,issuebench,prompt_neg,0,issuebench-sample-198663,neutral,pro
20260926-090514_laneA_exp1_prompt_vs_steer_issuebench_qwen3-8b,qwen3-8b,issuebench,initial,0,issuebench-sample-82509,opinionated,con
20260926-090514_laneA_exp1_prompt_vs_steer_issuebench_qwen3-8b,qwen3-8b,issuebench,steered_pos,8.0,issuebench-sample-82509,opinionated,con
20260926-090514_laneA_exp1_prompt_vs_steer_issuebench_qwen3-8b,qwen3-8b,issuebench,steered_neg,-8.0,issuebench-sample-82509,neutral,con
20260926-090514_laneA_exp1_prompt_vs_steer_issuebench_qwen3-8b,qwen3-8b,issuebench,prompt_pos,0,issuebench-sample-82509,opinionated,con
20260926-090514_laneA_exp1_prompt_vs_steer_issuebench_qwen3-8b,qwen3-8b,issuebench,prompt_neg,0,issuebench-sample-82509,opinionated,con
20260926-090514_laneA_exp1_prompt_vs_steer_issuebench_qwen3-8b,qwen3-8b,issuebench,initial,0,issuebench-sample-133858,opinionated,pro
20260926-090514_laneA_exp1_prompt_vs_steer_issuebench_qwen3-8b,qwen3-8b,issuebench,steered_pos,8.0,issuebench-sample-133858,opinionated,pro
20260926-090514_laneA_exp1_prompt_vs_steer_issuebench_qwen3-8b,qwen3-8b,issuebench,steered_neg,-8.0,issuebench-sample-133858,neutral,pro
20260926-090514_laneA_exp1_prompt_vs_steer_issuebench_qwen3-8b,qwen3-8b,issuebench,prompt_pos,0,issuebench-sample-133858,opinionated,pro
20260926-090514_laneA_exp1_prompt_vs_steer_issuebench_qwen3-8b,qwen3-8b,issuebench,prompt_neg,0,issuebench-sample-133858,neutral,pro
20260926-090514_laneA_exp1_prompt_vs_steer_issuebench_qwen3-8b,qwen3-8b,issuebench,initial,0,issuebench-sample-570841,opinionated,pro
20260926-090514_laneA_exp1_prompt_vs_steer_issuebench_qwen3-8b,qwen3-8b,issuebench,steered_pos,8.0,issuebench-sample-570841,opinionated,pro
20260926-090514_laneA_exp1_prompt_vs_steer_issuebench_qwen3-8b,qwen3-8b,issuebench,steered_neg,-8.0,issuebench-sample-570841,neutral,pro
20260926-090514_laneA_exp1_prompt_vs_steer_issuebench_qwen3-8b,qwen3-8b,issuebench,prompt_pos,0,issuebench-sample-570841,opinionated,pro
20260926-090514_laneA_exp1_prompt_vs_steer_issuebench_qwen3-8b,qwen3-8b,issuebench,prompt_neg,0,issuebench-sample-570841,neutral,pro
20260926-090514_laneA_exp1_prompt_vs_steer_issuebench_qwen3-8b,qwen3-8b,issuebench,initial,0,issuebench-sample-298790,opinionated,con
20260926-090514_laneA_exp1_prompt_vs_steer_issuebench_qwen3-8b,qwen3-8b,issuebench,steered_pos,8.0,issuebench-sample-298790,opinionated,con
20260926-090514_laneA_exp1_prompt_vs_steer_issuebench_qwen3-8b,qwen3-8b,issuebench,steered_neg,-8.0,issuebench-sample-298790,neutral,con
20260926-090514_laneA_exp1_prompt_vs_steer_issuebench_qwen3-8b,qwen3-8b,issuebench,prompt_pos,0,issuebench-sample-298790,opinionated,con
20260926-090514_laneA_exp1_prompt_vs_steer_issuebench_qwen3-8b,qwen3-8b,issuebench,prompt_neg,0,issuebench-sample-298790,neutral,con
20260926-090514_laneA_exp1_prompt_vs_steer_issuebench_qwen3-8b,qwen3-8b,issuebench,initial,0,issuebench-sample-104567,neutral,pro
20260926-090514_laneA_exp1_prompt_vs_steer_issuebench_qwen3-8b,qwen3-8b,issuebench,steered_pos,8.0,issuebench-sample-104567,opinionated,pro
20260926-090514_laneA_exp1_prompt_vs_steer_issuebench_qwen3-8b,qwen3-8b,issuebench,steered_neg,-8.0,issuebench-sample-104567,neutral,pro
20260926-090514_laneA_exp1_prompt_vs_steer_issuebench_qwen3-8b,qwen3-8b,issuebench,prompt_pos,0,issuebench-sample-104567,opinionated,pro
20260926-090514_laneA_exp1_prompt_vs_steer_issuebench_qwen3-8b,qwen3-8b,issuebench,prompt_neg,0,issuebench-sample-104567,neutral,pro
20260926-090514_laneA_exp1_prompt_vs_steer_issuebench_qwen3-8b,qwen3-8b,issuebench,initial,0,issuebench-sample-375196,opinionated,con
20260926-090514_laneA_exp1_prompt_vs_steer_issuebench_qwen3-8b,qwen3-8b,issuebench,steered_pos,8.0,issuebench-sample-375196,opinionated,con
20260926-090514_laneA_exp1_prompt_vs_steer_issuebench_qwen3-8b,qwen3-8b,issuebench,steered_neg,-8.0,issuebench-sample-375196,neutral,con
20260926-090514_laneA_exp1_prompt_vs_steer_issuebench_qwen3-8b,qwen3-8b,issuebench,prompt_pos,0,issuebench-sample-375196,opinionated,con
20260926-090514_laneA_exp1_prompt_vs_steer_issuebench_qwen3-8b,qwen3-8b,issuebench,prompt_neg,0,issuebench-sample-375196,opinionated,con
20260926-090514_laneA_exp1_prompt_vs_steer_issuebench_qwen3-8b,qwen3-8b,issuebench,initial,0,issuebench-sample-49509,neutral,con
20260926-090514_laneA_exp1_prompt_vs_steer_issuebench_qwen3-8b,qwen3-8b,issuebench,steered_pos,8.0,issuebench-sample-49509,opinionated,con
20260926-090514_laneA_exp1_prompt_vs_steer_issuebench_qwen3-8b,qwen3-8b,issuebench,steered_neg,-8.0,issuebench-sample-49509,neutral,con
20260926-090514_laneA_exp1_prompt_vs_steer_issuebench_qwen3-8b,qwen3-8b,issuebench,prompt_pos,0,issuebench-sample-49509,neutral,con
20260926-090514_laneA_exp1_prompt_vs_steer_issuebench_qwen3-8b,qwen3-8b,issuebench,prompt_neg,0,issuebench-sample-49509,neutral,con
20260926-090514_laneA_exp1_prompt_vs_steer_issuebench_qwen3-8b,qwen3-8b,issuebench,initial,0,issuebench-sample-480919,neutral,neutral
20260926-090514_laneA_exp1_prompt_vs_steer_issuebench_qwen3-8b,qwen3-8b,issuebench,steered_pos,8.0,issuebench-sample-480919,opinionated,neutral
20260926-090514_laneA_exp1_prompt_vs_steer_issuebench_qwen3-8b,qwen3-8b,issuebench,steered_neg,-8.0,issuebench-sample-480919,neutral,neutral
20260926-090514_laneA_exp1_prompt_vs_steer_issuebench_qwen3-8b,qwen3-8b,issuebench,prompt_pos,0,issuebench-sample-480919,opinionated,neutral
20260926-090514_laneA_exp1_prompt_vs_steer_issuebench_qwen3-8b,qwen3-8b,issuebench,prompt_neg,0,issuebench-sample-480919,neutral,neutral
20260926-090514_laneA_exp1_prompt_vs_steer_issuebench_qwen3-8b,qwen3-8b,issuebench,initial,0,issuebench-sample-364784,neutral,pro
20260926-090514_laneA_exp1_prompt_vs_steer_issuebench_qwen3-8b,qwen3-8b,issuebench,steered_pos,8.0,issuebench-sample-364784,opinionated,pro
20260926-090514_laneA_exp1_prompt_vs_steer_issuebench_qwen3-8b,qwen3-8b,issuebench,steered_neg,-8.0,issuebench-sample-364784,neutral,pro
20260926-090514_laneA_exp1_prompt_vs_steer_issuebench_qwen3-8b,qwen3-8b,issuebench,prompt_pos,0,issuebench-sample-364784,opinionated,pro
20260926-090514_laneA_exp1_prompt_vs_steer_issuebench_qwen3-8b,qwen3-8b,issuebench,prompt_neg,0,issuebench-sample-364784,neutral,pro
20260926-090514_laneA_exp1_prompt_vs_steer_issuebench_qwen3-8b,qwen3-8b,issuebench,initial,0,issuebench-sample-404062,neutral,neutral
20260926-090514_laneA_exp1_prompt_vs_steer_issuebench_qwen3-8b,qwen3-8b,issuebench,steered_pos,8.0,issuebench-sample-404062,opinionated,neutral
20260926-090514_laneA_exp1_prompt_vs_steer_issuebench_qwen3-8b,qwen3-8b,issuebench,steered_neg,-8.0,issuebench-sample-404062,neutral,neutral
20260926-090514_laneA_exp1_prompt_vs_steer_issuebench_qwen3-8b,qwen3-8b,issuebench,prompt_pos,0,issuebench-sample-404062,neutral,neutral
20260926-090514_laneA_exp1_prompt_vs_steer_issuebench_qwen3-8b,qwen3-8b,issuebench,prompt_neg,0,issuebench-sample-404062,neutral,neutral
20260926-090514_laneA_exp1_prompt_vs_steer_issuebench_qwen3-8b,qwen3-8b,issuebench,initial,0,issuebench-sample-36734,neutral,con
20260926-090514_laneA_exp1_prompt_vs_steer_issuebench_qwen3-8b,qwen3-8b,issuebench,steered_pos,8.0,issuebench-sample-36734,opinionated,con
20260926-090514_laneA_exp1_prompt_vs_steer_issuebench_qwen3-8b,qwen3-8b,issuebench,steered_neg,-8.0,issuebench-sample-36734,neutral,con
20260926-090514_laneA_exp1_prompt_vs_steer_issuebench_qwen3-8b,qwen3-8b,issuebench,prompt_pos,0,issuebench-sample-36734,opinionated,con
20260926-090514_laneA_exp1_prompt_vs_steer_issuebench_qwen3-8b,qwen3-8b,issuebench,prompt_neg,0,issuebench-sample-36734,neutral,con
20260926-090514_laneA_exp1_prompt_vs_steer_issuebench_qwen3-8b,qwen3-8b,issuebench,initial,0,issuebench-sample-51660,opinionated,neutral
20260926-090514_laneA_exp1_prompt_vs_steer_issuebench_qwen3-8b,qwen3-8b,issuebench,steered_pos,8.0,issuebench-sample-51660,opinionated,neutral
20260926-090514_laneA_exp1_prompt_vs_steer_issuebench_qwen3-8b,qwen3-8b,issuebench,steered_neg,-8.0,issuebench-sample-51660,neutral,neutral
20260926-090514_laneA_exp1_prompt_vs_steer_issuebench_qwen3-8b,qwen3-8b,issuebench,prompt_pos,0,issuebench-sample-51660,neutral,neutral
20260926-090514_laneA_exp1_prompt_vs_steer_issuebench_qwen3-8b,qwen3-8b,issuebench,prompt_neg,0,issuebench-sample-51660,neutral,neutral
20260926-090514_laneA_exp1_prompt_vs_steer_issuebench_qwen3-8b,qwen3-8b,issuebench,initial,0,issuebench-sample-611680,opinionated,con
20260926-090514_laneA_exp1_prompt_vs_steer_issuebench_qwen3-8b,qwen3-8b,issuebench,steered_pos,8.0,issuebench-sample-611680,opinionated,con
20260926-090514_laneA_exp1_prompt_vs_steer_issuebench_qwen3-8b,qwen3-8b,issuebench,steered_neg,-8.0,issuebench-sample-611680,neutral,con
20260926-090514_laneA_exp1_prompt_vs_steer_issuebench_qwen3-8b,qwen3-8b,issuebench,prompt_pos,0,issuebench-sample-611680,opinionated,con
20260926-090514_laneA_exp1_prompt_vs_steer_issuebench_qwen3-8b,qwen3-8b,issuebench,prompt_neg,0,issuebench-sample-611680,neutral,con
20260926-090514_laneA_exp1_prompt_vs_steer_issuebench_qwen3-8b,qwen3-8b,issuebench,initial,0,issuebench-sample-133847,opinionated,pro
20260926-090514_laneA_exp1_prompt_vs_steer_issuebench_qwen3-8b,qwen3-8b,issuebench,steered_pos,8.0,issuebench-sample-133847,opinionated,pro
20260926-090514_laneA_exp1_prompt_vs_steer_issuebench_qwen3-8b,qwen3-8b,issuebench,steered_neg,-8.0,issuebench-sample-133847,neutral,pro
20260926-090514_laneA_exp1_prompt_vs_steer_issuebench_qwen3-8b,qwen3-8b,issuebench,prompt_pos,0,issuebench-sample-133847,opinionated,pro
20260926-090514_laneA_exp1_prompt_vs_steer_issuebench_qwen3-8b,qwen3-8b,issuebench,prompt_neg,0,issuebench-sample-133847,neutral,pro
20260926-090514_laneA_exp1_prompt_vs_steer_issuebench_qwen3-8b,qwen3-8b,issuebench,initial,0,issuebench-sample-132182,opinionated,con
20260926-090514_laneA_exp1_prompt_vs_steer_issuebench_qwen3-8b,qwen3-8b,issuebench,steered_pos,8.0,issuebench-sample-132182,opinionated,con
20260926-090514_laneA_exp1_prompt_vs_steer_issuebench_qwen3-8b,qwen3-8b,issuebench,steered_neg,-8.0,issuebench-sample-132182,opinionated,con
20260926-090514_laneA_exp1_prompt_vs_steer_issuebench_qwen3-8b,qwen3-8b,issuebench,prompt_pos,0,issuebench-sample-132182,opinionated,con
20260926-090514_laneA_exp1_prompt_vs_steer_issuebench_qwen3-8b,qwen3-8b,issuebench,prompt_neg,0,issuebench-sample-132182,opinionated,con
20260926-090514_laneA_exp1_prompt_vs_steer_issuebench_qwen3-8b,qwen3-8b,issuebench,initial,0,issuebench-sample-443402,neutral,neutral
20260926-090514_laneA_exp1_prompt_vs_steer_issuebench_qwen3-8b,qwen3-8b,issuebench,steered_pos,8.0,issuebench-sample-443402,opinionated,neutral
20260926-090514_laneA_exp1_prompt_vs_steer_issuebench_qwen3-8b,qwen3-8b,issuebench,steered_neg,-8.0,issuebench-sample-443402,neutral,neutral
20260926-090514_laneA_exp1_prompt_vs_steer_issuebench_qwen3-8b,qwen3-8b,issuebench,prompt_pos,0,issuebench-sample-443402,neutral,neutral
20260926-090514_laneA_exp1_prompt_vs_steer_issuebench_qwen3-8b,qwen3-8b,issuebench,prompt_neg,0,issuebench-sample-443402,neutral,neutral
20260926-090514_laneA_exp1_prompt_vs_steer_issuebench_qwen3-8b,qwen3-8b,issuebench,initial,0,issuebench-sample-283916,opinionated,pro
20260926-090514_laneA_exp1_prompt_vs_steer_issuebench_qwen3-8b,qwen3-8b,issuebench,steered_pos,8.0,issuebench-sample-283916,nonsense,pro
20260926-090514_laneA_exp1_prompt_vs_steer_issuebench_qwen3-8b,qwen3-8b,issuebench,steered_neg,-8.0,issuebench-sample-283916,neutral,pro
20260926-090514_laneA_exp1_prompt_vs_steer_issuebench_qwen3-8b,qwen3-8b,issuebench,prompt_pos,0,issuebench-sample-283916,opinionated,pro
20260926-090514_laneA_exp1_prompt_vs_steer_issuebench_qwen3-8b,qwen3-8b,issuebench,prompt_neg,0,issuebench-sample-283916,neutral,pro
20260926-090514_laneA_exp1_prompt_vs_steer_issuebench_qwen3-8b,qwen3-8b,issuebench,initial,0,issuebench-sample-597900,neutral,neutral
20260926-090514_laneA_exp1_prompt_vs_steer_issuebench_qwen3-8b,qwen3-8b,issuebench,steered_pos,8.0,issuebench-sample-597900,neutral,neutral
20260926-090514_laneA_exp1_prompt_vs_steer_issuebench_qwen3-8b,qwen3-8b,issuebench,steered_neg,-8.0,issuebench-sample-597900,neutral,neutral
20260926-090514_laneA_exp1_prompt_vs_steer_issuebench_qwen3-8b,qwen3-8b,issuebench,prompt_pos,0,issuebench-sample-597900,neutral,neutral
20260926-090514_laneA_exp1_prompt_vs_steer_issuebench_qwen3-8b,qwen3-8b,issuebench,prompt_neg,0,issuebench-sample-597900,neutral,neutral
20260926-090514_laneA_exp1_prompt_vs_steer_issuebench_qwen3-8b,qwen3-8b,issuebench,initial,0,issuebench-sample-301402,opinionated,con
20260926-090514_laneA_exp1_prompt_vs_steer_issuebench_qwen3-8b,qwen3-8b,issuebench,steered_pos,8.0,issuebench-sample-301402,opinionated,con
20260926-090514_laneA_exp1_prompt_vs_steer_issuebench_qwen3-8b,qwen3-8b,issuebench,steered_neg,-8.0,issuebench-sample-301402,neutral,con
20260926-090514_laneA_exp1_prompt_vs_steer_issuebench_qwen3-8b,qwen3-8b,issuebench,prompt_pos,0,issuebench-sample-301402,opinionated,con
20260926-090514_laneA_exp1_prompt_vs_steer_issuebench_qwen3-8b,qwen3-8b,issuebench,prompt_neg,0,issuebench-sample-301402,opinionated,con
20260926-090514_laneA_exp1_prompt_vs_steer_issuebench_qwen3-8b,qwen3-8b,issuebench,initial,0,issuebench-sample-289722,opinionated,pro
20260926-090514_laneA_exp1_prompt_vs_steer_issuebench_qwen3-8b,qwen3-8b,issuebench,steered_pos,8.0,issuebench-sample-289722,opinionated,pro
20260926-090514_laneA_exp1_prompt_vs_steer_issuebench_qwen3-8b,qwen3-8b,issuebench,steered_neg,-8.0,issuebench-sample-289722,neutral,pro
20260926-090514_laneA_exp1_prompt_vs_steer_issuebench_qwen3-8b,qwen3-8b,issuebench,prompt_pos,0,issuebench-sample-289722,opinionated,pro
20260926-090514_laneA_exp1_prompt_vs_steer_issuebench_qwen3-8b,qwen3-8b,issuebench,prompt_neg,0,issuebench-sample-289722,neutral,pro
20260926-090514_laneA_exp1_prompt_vs_steer_issuebench_qwen3-8b,qwen3-8b,issuebench,initial,0,issuebench-sample-601385,opinionated,pro
20260926-090514_laneA_exp1_prompt_vs_steer_issuebench_qwen3-8b,qwen3-8b,issuebench,steered_pos,8.0,issuebench-sample-601385,opinionated,pro
20260926-090514_laneA_exp1_prompt_vs_steer_issuebench_qwen3-8b,qwen3-8b,issuebench,steered_neg,-8.0,issuebench-sample-601385,neutral,pro
20260926-090514_laneA_exp1_prompt_vs_steer_issuebench_qwen3-8b,qwen3-8b,issuebench,prompt_pos,0,issuebench-sample-601385,opinionated,pro
20260926-090514_laneA_exp1_prompt_vs_steer_issuebench_qwen3-8b,qwen3-8b,issuebench,prompt_neg,0,issuebench-sample-601385,neutral,pro
20260926-090514_laneA_exp1_prompt_vs_steer_issuebench_qwen3-8b,qwen3-8b,issuebench,initial,0,issuebench-sample-608450,opinionated,con
20260926-090514_laneA_exp1_prompt_vs_steer_issuebench_qwen3-8b,qwen3-8b,issuebench,steered_pos,8.0,issuebench-sample-608450,opinionated,con
20260926-090514_laneA_exp1_prompt_vs_steer_issuebench_qwen3-8b,qwen3-8b,issuebench,steered_neg,-8.0,issuebench-sample-608450,neutral,con
20260926-090514_laneA_exp1_prompt_vs_steer_issuebench_qwen3-8b,qwen3-8b,issuebench,prompt_pos,0,issuebench-sample-608450,opinionated,con
20260926-090514_laneA_exp1_prompt_vs_steer_issuebench_qwen3-8b,qwen3-8b,issuebench,prompt_neg,0,issuebench-sample-608450,neutral,con
20260926-090514_laneA_exp1_prompt_vs_steer_issuebench_qwen3-8b,qwen3-8b,issuebench,initial,0,issuebench-sample-614224,neutral,con
20260926-090514_laneA_exp1_prompt_vs_steer_issuebench_qwen3-8b,qwen3-8b,issuebench,steered_pos,8.0,issuebench-sample-614224,opinionated,con
20260926-090514_laneA_exp1_prompt_vs_steer_issuebench_qwen3-8b,qwen3-8b,issuebench,steered_neg,-8.0,issuebench-sample-614224,neutral,con
20260926-090514_laneA_exp1_prompt_vs_steer_issuebench_qwen3-8b,qwen3-8b,issuebench,prompt_pos,0,issuebench-sample-614224,opinionated,con
20260926-090514_laneA_exp1_prompt_vs_steer_issuebench_qwen3-8b,qwen3-8b,issuebench,prompt_neg,0,issuebench-sample-614224,neutral,con
20260926-090514_laneA_exp1_prompt_vs_steer_issuebench_qwen3-8b,qwen3-8b,issuebench,initial,0,issuebench-sample-193885,opinionated,con
20260926-090514_laneA_exp1_prompt_vs_steer_issuebench_qwen3-8b,qwen3-8b,issuebench,steered_pos,8.0,issuebench-sample-193885,opinionated,con
20260926-090514_laneA_exp1_prompt_vs_steer_issuebench_qwen3-8b,qwen3-8b,issuebench,steered_neg,-8.0,issuebench-sample-193885,neutral,con
20260926-090514_laneA_exp1_prompt_vs_steer_issuebench_qwen3-8b,qwen3-8b,issuebench,prompt_pos,0,issuebench-sample-193885,opinionated,con
20260926-090514_laneA_exp1_prompt_vs_steer_issuebench_qwen3-8b,qwen3-8b,issuebench,prompt_neg,0,issuebench-sample-193885,neutral,con
20260926-090514_laneA_exp1_prompt_vs_steer_issuebench_qwen3-8b,qwen3-8b,issuebench,initial,0,issuebench-sample-523662,neutral,pro
20260926-090514_laneA_exp1_prompt_vs_steer_issuebench_qwen3-8b,qwen3-8b,issuebench,steered_pos,8.0,issuebench-sample-523662,opinionated,pro
20260926-090514_laneA_exp1_prompt_vs_steer_issuebench_qwen3-8b,qwen3-8b,issuebench,steered_neg,-8.0,issuebench-sample-523662,neutral,pro
20260926-090514_laneA_exp1_prompt_vs_steer_issuebench_qwen3-8b,qwen3-8b,issuebench,prompt_pos,0,issuebench-sample-523662,opinionated,pro
20260926-090514_laneA_exp1_prompt_vs_steer_issuebench_qwen3-8b,qwen3-8b,issuebench,prompt_neg,0,issuebench-sample-523662,neutral,pro
20260926-090514_laneA_exp1_prompt_vs_steer_issuebench_qwen3-8b,qwen3-8b,issuebench,initial,0,issuebench-sample-198788,neutral,pro
20260926-090514_laneA_exp1_prompt_vs_steer_issuebench_qwen3-8b,qwen3-8b,issuebench,steered_pos,8.0,issuebench-sample-198788,opinionated,pro
20260926-090514_laneA_exp1_prompt_vs_steer_issuebench_qwen3-8b,qwen3-8b,issuebench,steered_neg,-8.0,issuebench-sample-198788,neutral,pro
20260926-090514_laneA_exp1_prompt_vs_steer_issuebench_qwen3-8b,qwen3-8b,issuebench,prompt_pos,0,issuebench-sample-198788,opinionated,pro
20260926-090514_laneA_exp1_prompt_vs_steer_issuebench_qwen3-8b,qwen3-8b,issuebench,prompt_neg,0,issuebench-sample-198788,neutral,pro
20260926-090514_laneA_exp1_prompt_vs_steer_issuebench_qwen3-8b,qwen3-8b,issuebench,initial,0,issuebench-sample-24672,opinionated,con
20260926-090514_laneA_exp1_prompt_vs_steer_issuebench_qwen3-8b,qwen3-8b,issuebench,steered_pos,8.0,issuebench-sample-24672,opinionated,con
20260926-090514_laneA_exp1_prompt_vs_steer_issuebench_qwen3-8b,qwen3-8b,issuebench,steered_neg,-8.0,issuebench-sample-24672,neutral,con
20260926-090514_laneA_exp1_prompt_vs_steer_issuebench_qwen3-8b,qwen3-8b,issuebench,prompt_pos,0,issuebench-sample-24672,opinionated,con
20260926-090514_laneA_exp1_prompt_vs_steer_issuebench_qwen3-8b,qwen3-8b,issuebench,prompt_neg,0,issuebench-sample-24672,neutral,con
20260926-090514_laneA_exp1_prompt_vs_steer_issuebench_qwen3-8b,qwen3-8b,issuebench,initial,0,issuebench-sample-354968,opinionated,neutral
20260926-090514_laneA_exp1_prompt_vs_steer_issuebench_qwen3-8b,qwen3-8b,issuebench,steered_pos,8.0,issuebench-sample-354968,opinionated,neutral
20260926-090514_laneA_exp1_prompt_vs_steer_issuebench_qwen3-8b,qwen3-8b,issuebench,steered_neg,-8.0,issuebench-sample-354968,neutral,neutral
20260926-090514_laneA_exp1_prompt_vs_steer_issuebench_qwen3-8b,qwen3-8b,issuebench,prompt_pos,0,issuebench-sample-354968,opinionated,neutral
20260926-090514_laneA_exp1_prompt_vs_steer_issuebench_qwen3-8b,qwen3-8b,issuebench,prompt_neg,0,issuebench-sample-354968,neutral,neutral
20260926-090514_laneA_exp1_prompt_vs_steer_issuebench_qwen3-8b,qwen3-8b,issuebench,initial,0,issuebench-sample-426506,opinionated,pro
20260926-090514_laneA_exp1_prompt_vs_steer_issuebench_qwen3-8b,qwen3-8b,issuebench,steered_pos,8.0,issuebench-sample-426506,opinionated,pro
20260926-090514_laneA_exp1_prompt_vs_steer_issuebench_qwen3-8b,qwen3-8b,issuebench,steered_neg,-8.0,issuebench-sample-426506,opinionated,pro
20260926-090514_laneA_exp1_prompt_vs_steer_issuebench_qwen3-8b,qwen3-8b,issuebench,prompt_pos,0,issuebench-sample-426506,opinionated,pro
20260926-090514_laneA_exp1_prompt_vs_steer_issuebench_qwen3-8b,qwen3-8b,issuebench,prompt_neg,0,issuebench-sample-426506,neutral,pro
20260926-090514_laneA_exp1_prompt_vs_steer_issuebench_qwen3-8b,qwen3-8b,issuebench,initial,0,issuebench-sample-548473,neutral,pro
20260926-090514_laneA_exp1_prompt_vs_steer_issuebench_qwen3-8b,qwen3-8b,issuebench,steered_pos,8.0,issuebench-sample-548473,opinionated,pro
20260926-090514_laneA_exp1_prompt_vs_steer_issuebench_qwen3-8b,qwen3-8b,issuebench,steered_neg,-8.0,issuebench-sample-548473,neutral,pro
20260926-090514_laneA_exp1_prompt_vs_steer_issuebench_qwen3-8b,qwen3-8b,issuebench,prompt_pos,0,issuebench-sample-548473,neutral,pro
20260926-090514_laneA_exp1_prompt_vs_steer_issuebench_qwen3-8b,qwen3-8b,issuebench,prompt_neg,0,issuebench-sample-548473,neutral,pro
